{
    "Photoshop": {
        "hpsv2_score": 0.3352043628692627,
        "aesthetics_score": 5.331289291381836,
        "background_mse": 0.00036863460102781547,
        "clip_text_image": 0.3186204433441162,
        "dinov2_similarity": 0.6783179044723511
    },
    "TF-ICON": {
        "hpsv2_score": 0.3688920736312866,
        "aesthetics_score": 5.448970794677734,
        "background_mse": 0.011430120511336166,
        "clip_text_image": 0.3214983642101288,
        "dinov2_similarity": 0.6405500173568726
    },
    "KV-EDIT": {
        "hpsv2_score": 0.2232499122619629,
        "aesthetics_score": 4.8904218673706055,
        "background_mse": 0.0003642169264297577,
        "clip_text_image": 0.24273408949375153,
        "dinov2_similarity": 0.3152574896812439
    },
    "ours": {
        "hpsv2_score": 0.3380908966064453,
        "aesthetics_score": 5.323965072631836,
        "background_mse": 0.0013348024853360784,
        "clip_text_image": 0.30388861894607544,
        "dinov2_similarity": 0.7090505957603455
    }
}