{
    "Photoshop": {
        "hpsv2_score": 0.35479918122291565,
        "aesthetics_score": 4.624505519866943,
        "background_mse": 0.0015209559718593897,
        "clip_text_image": 0.26399052143096924,
        "dinov2_similarity": 0.49882400035858154
    },
    "TF-ICON": {
        "hpsv2_score": 0.3651096522808075,
        "aesthetics_score": 4.836097240447998,
        "background_mse": 0.009049496184887445,
        "clip_text_image": 0.2610664963722229,
        "dinov2_similarity": 0.4689788818359375
    },
    "KV-EDIT": {
        "hpsv2_score": 0.30576151609420776,
        "aesthetics_score": 4.40955924987793,
        "background_mse": 0.003995859413372393,
        "clip_text_image": 0.24122560024261475,
        "dinov2_similarity": 0.2942737638950348
    },
    "ours": {
        "hpsv2_score": 0.3480343520641327,
        "aesthetics_score": 4.350828170776367,
        "background_mse": 0.007905938928131287,
        "clip_text_image": 0.26443883776664734,
        "dinov2_similarity": 0.46277904510498047
    }
}