{
    "Photoshop": {
        "hpsv2_score": 0.25500139594078064,
        "aesthetics_score": 6.121739387512207,
        "background_mse": 0.0006714663429467384,
        "clip_text_image": 0.1755494922399521,
        "dinov2_similarity": 0.6500495672225952
    },
    "TF-ICON": {
        "hpsv2_score": 0.26253414154052734,
        "aesthetics_score": 5.889618873596191,
        "background_mse": 0.007211246877320506,
        "clip_text_image": 0.197457954287529,
        "dinov2_similarity": 0.5739586353302002
    },
    "KV-EDIT": {
        "hpsv2_score": 0.27790313959121704,
        "aesthetics_score": 5.746106147766113,
        "background_mse": 0.0011989060548128854,
        "clip_text_image": 0.19676610827445984,
        "dinov2_similarity": 0.5447996854782104
    },
    "ours": {
        "hpsv2_score": 0.2487884908914566,
        "aesthetics_score": 6.395186424255371,
        "background_mse": 0.0031348052749196284,
        "clip_text_image": 0.19543956220149994,
        "dinov2_similarity": 0.6483576893806458
    }
}