{
    "Photoshop": {
        "hpsv2_score": 0.25403058528900146,
        "aesthetics_score": 5.634551048278809,
        "background_mse": 0.0007703827310066456,
        "clip_text_image": 0.22786740958690643,
        "dinov2_similarity": 0.4562615156173706
    },
    "TF-ICON": {
        "hpsv2_score": 0.26007279753685,
        "aesthetics_score": 5.254739761352539,
        "background_mse": 0.009914795025380082,
        "clip_text_image": 0.22344647347927094,
        "dinov2_similarity": 0.47175249457359314
    },
    "KV-EDIT": {
        "hpsv2_score": 0.2785297930240631,
        "aesthetics_score": 5.034543037414551,
        "background_mse": 0.0008830872760963998,
        "clip_text_image": 0.2334040403366089,
        "dinov2_similarity": 0.36246395111083984
    },
    "ours": {
        "hpsv2_score": 0.23070038855075836,
        "aesthetics_score": 5.750975608825684,
        "background_mse": 0.0037050200304677714,
        "clip_text_image": 0.21646177768707275,
        "dinov2_similarity": 0.41492342948913574
    }
}