{
    "Photoshop": {
        "hpsv2_score": 0.2908459007740021,
        "aesthetics_score": 5.033074378967285,
        "background_mse": 0.0006821684764941589,
        "clip_text_image": 0.2341100573539734,
        "dinov2_similarity": 0.6875360012054443
    },
    "TF-ICON": {
        "hpsv2_score": 0.352620005607605,
        "aesthetics_score": 5.92892599105835,
        "background_mse": 0.005128623285389698,
        "clip_text_image": 0.2528512179851532,
        "dinov2_similarity": 0.6287726163864136
    },
    "KV-EDIT": {
        "hpsv2_score": 0.32627028226852417,
        "aesthetics_score": 5.387765407562256,
        "background_mse": 0.0011021021849772878,
        "clip_text_image": 0.24761413037776947,
        "dinov2_similarity": 0.45800864696502686
    },
    "ours": {
        "hpsv2_score": 0.26071012020111084,
        "aesthetics_score": 5.38212776184082,
        "background_mse": 0.00246067721445949,
        "clip_text_image": 0.19177483022212982,
        "dinov2_similarity": 0.3265362083911896
    }
}