{
    "Photoshop": {
        "hpsv2_score": 0.27377235889434814,
        "aesthetics_score": 5.28552770614624,
        "background_mse": 0.0014811206964712468,
        "clip_text_image": 0.2308432012796402,
        "dinov2_similarity": 0.24160167574882507
    },
    "TF-ICON": {
        "hpsv2_score": 0.28939327597618103,
        "aesthetics_score": 5.313666343688965,
        "background_mse": 0.014675807661971806,
        "clip_text_image": 0.2567371726036072,
        "dinov2_similarity": 0.27020132541656494
    },
    "KV-EDIT": {
        "hpsv2_score": 0.2709944546222687,
        "aesthetics_score": 5.206658363342285,
        "background_mse": 0.0035270110208882387,
        "clip_text_image": 0.2633363604545593,
        "dinov2_similarity": 0.2148151844739914
    },
    "ours": {
        "hpsv2_score": 0.28393518924713135,
        "aesthetics_score": 5.040163040161133,
        "background_mse": 0.006633173072761755,
        "clip_text_image": 0.25771552324295044,
        "dinov2_similarity": 0.2662791609764099
    }
}