{
    "Photoshop": {
        "hpsv2_score": 0.33946070075035095,
        "aesthetics_score": 4.997992515563965,
        "background_mse": 0.0006792296852347784,
        "clip_text_image": 0.30723217129707336,
        "dinov2_similarity": 0.19657796621322632
    },
    "TF-ICON": {
        "hpsv2_score": 0.34218794107437134,
        "aesthetics_score": 5.596364498138428,
        "background_mse": 0.008856819757580361,
        "clip_text_image": 0.24668243527412415,
        "dinov2_similarity": 0.07539353519678116
    },
    "KV-EDIT": {
        "hpsv2_score": 0.3939225971698761,
        "aesthetics_score": 5.440088748931885,
        "background_mse": 0.00042710321777218594,
        "clip_text_image": 0.24257569015026093,
        "dinov2_similarity": 0.07432388514280319
    },
    "ours": {
        "hpsv2_score": 0.39378660917282104,
        "aesthetics_score": 5.297213554382324,
        "background_mse": 0.0015351960801056636,
        "clip_text_image": 0.2638297975063324,
        "dinov2_similarity": 0.1344595104455948
    }
}