{
    "Photoshop": {
        "hpsv2_score": 0.3273133635520935,
        "aesthetics_score": 5.337380886077881,
        "background_mse": 0.0008053571612268955,
        "clip_text_image": 0.2467515766620636,
        "dinov2_similarity": 0.5537245273590088
    },
    "TF-ICON": {
        "hpsv2_score": 0.3337564170360565,
        "aesthetics_score": 5.724242210388184,
        "background_mse": 0.014376101487472943,
        "clip_text_image": 0.24717453122138977,
        "dinov2_similarity": 0.4939243197441101
    },
    "KV-EDIT": {
        "hpsv2_score": 0.2896173894405365,
        "aesthetics_score": 5.506797790527344,
        "background_mse": 0.0009415747350016969,
        "clip_text_image": 0.1928519904613495,
        "dinov2_similarity": 0.32796013355255127
    },
    "ours": {
        "hpsv2_score": 0.3266295790672302,
        "aesthetics_score": 5.552597999572754,
        "background_mse": 0.0019122265802201282,
        "clip_text_image": 0.25042352080345154,
        "dinov2_similarity": 0.5020484328269958
    }
}