{
    "Photoshop": {
        "hpsv2_score": 0.26520150899887085,
        "aesthetics_score": 5.570427417755127,
        "background_mse": 0.0006861221036902159,
        "clip_text_image": 0.2306441068649292,
        "dinov2_similarity": 0.13336840271949768
    },
    "TF-ICON": {
        "hpsv2_score": 0.32484644651412964,
        "aesthetics_score": 6.405717849731445,
        "background_mse": 0.00551932049293021,
        "clip_text_image": 0.24655240774154663,
        "dinov2_similarity": 0.1388958990573883
    },
    "KV-EDIT": {
        "hpsv2_score": 0.23229284584522247,
        "aesthetics_score": 5.634352684020996,
        "background_mse": 0.001568484759822169,
        "clip_text_image": 0.21694493293762207,
        "dinov2_similarity": 0.03582560271024704
    },
    "ours": {
        "hpsv2_score": 0.1959572434425354,
        "aesthetics_score": 5.487046241760254,
        "background_mse": 0.00247969488608514,
        "clip_text_image": 0.2023041546344757,
        "dinov2_similarity": 0.07943204045295715
    }
}