{
    "Photoshop": {
        "hpsv2_score": 0.3829619884490967,
        "aesthetics_score": 5.3767595291137695,
        "background_mse": 0.000495631674656728,
        "clip_text_image": 0.352082222700119,
        "dinov2_similarity": 0.18326473236083984
    },
    "TF-ICON": {
        "hpsv2_score": 0.34003913402557373,
        "aesthetics_score": 5.463190078735352,
        "background_mse": 0.0037173370880734815,
        "clip_text_image": 0.30747294425964355,
        "dinov2_similarity": 0.12159821391105652
    },
    "KV-EDIT": {
        "hpsv2_score": 0.2555590867996216,
        "aesthetics_score": 5.558720111846924,
        "background_mse": 0.000742995923450959,
        "clip_text_image": 0.28976723551750183,
        "dinov2_similarity": 0.08801326155662537
    },
    "ours": {
        "hpsv2_score": 0.37949225306510925,
        "aesthetics_score": 5.38084602355957,
        "background_mse": 0.0021687652155173262,
        "clip_text_image": 0.3268771171569824,
        "dinov2_similarity": 0.164923757314682
    }
}