{
    "Photoshop": {
        "hpsv2_score": 0.36130544543266296,
        "aesthetics_score": 5.276295185089111,
        "background_mse": 0.0006704870353925251,
        "clip_text_image": 0.27907004952430725,
        "dinov2_similarity": 0.7201968431472778
    },
    "TF-ICON": {
        "hpsv2_score": 0.4210517108440399,
        "aesthetics_score": 6.016380786895752,
        "background_mse": 0.006243590780843923,
        "clip_text_image": 0.31190231442451477,
        "dinov2_similarity": 0.7095233201980591
    },
    "KV-EDIT": {
        "hpsv2_score": 0.23862366378307343,
        "aesthetics_score": 5.721864700317383,
        "background_mse": 0.0009365142876762895,
        "clip_text_image": 0.20641836524009705,
        "dinov2_similarity": 0.25465068221092224
    },
    "ours": {
        "hpsv2_score": 0.3624597191810608,
        "aesthetics_score": 5.451709747314453,
        "background_mse": 0.002987444314807887,
        "clip_text_image": 0.2848896384239197,
        "dinov2_similarity": 0.7378135323524475
    }
}