{
    "Photoshop": {
        "hpsv2_score": 0.36130544543266296,
        "aesthetics_score": 5.276295185089111,
        "background_mse": 0.0006704870353925251,
        "clip_text_image": 0.27907004952430725,
        "dinov2_similarity": 0.7201968431472778
    },
    "TF-ICON": {
        "hpsv2_score": 0.4210517108440399,
        "aesthetics_score": 6.016380786895752,
        "background_mse": 0.006243590780843923,
        "clip_text_image": 0.31190231442451477,
        "dinov2_similarity": 0.7095233201980591
    },
    "KV-EDIT": {
        "hpsv2_score": 0.23862366378307343,
        "aesthetics_score": 5.721864700317383,
        "background_mse": 0.0009365142876762895,
        "clip_text_image": 0.20641836524009705,
        "dinov2_similarity": 0.25465068221092224
    },
    "ours": {
        "hpsv2_score": 0.3896111845970154,
        "aesthetics_score": 5.666523456573486,
        "background_mse": 0.0038758663644520544,
        "clip_text_image": 0.2986554205417633,
        "dinov2_similarity": 0.7424323558807373
    }
}