{
    "Photoshop": {
        "hpsv2_score": 0.15436753630638123,
        "aesthetics_score": 5.027907371520996,
        "background_mse": 0.0006698826732083476,
        "clip_text_image": 0.19305741786956787,
        "dinov2_similarity": 0.27675318717956543
    },
    "TF-ICON": {
        "hpsv2_score": 0.23002471029758453,
        "aesthetics_score": 5.985715866088867,
        "background_mse": 0.005475764918824383,
        "clip_text_image": 0.2037840634584427,
        "dinov2_similarity": 0.26197096705436707
    },
    "KV-EDIT": {
        "hpsv2_score": 0.13475865125656128,
        "aesthetics_score": 5.033390045166016,
        "background_mse": 0.0006386217678229923,
        "clip_text_image": 0.14790304005146027,
        "dinov2_similarity": 0.1252068281173706
    },
    "ours": {
        "hpsv2_score": 0.18495720624923706,
        "aesthetics_score": 5.1218461990356445,
        "background_mse": 0.0019518223580651745,
        "clip_text_image": 0.17259849607944489,
        "dinov2_similarity": 0.3165432810783386
    }
}