{
    "Photoshop": {
        "hpsv2_score": 0.4085324704647064,
        "aesthetics_score": 5.675285816192627,
        "background_mse": 0.001084372290567437,
        "clip_text_image": 0.32000648975372314,
        "dinov2_similarity": 0.26922014355659485
    },
    "TF-ICON": {
        "hpsv2_score": 0.396827757358551,
        "aesthetics_score": 5.6215949058532715,
        "background_mse": 0.011267325544352239,
        "clip_text_image": 0.32553449273109436,
        "dinov2_similarity": 0.32275235652923584
    },
    "KV-EDIT": {
        "hpsv2_score": 0.39537131786346436,
        "aesthetics_score": 6.105545520782471,
        "background_mse": 0.0018543041141676536,
        "clip_text_image": 0.29994645714759827,
        "dinov2_similarity": 0.21955932676792145
    },
    "ours": {
        "hpsv2_score": 0.41532471776008606,
        "aesthetics_score": 6.069671154022217,
        "background_mse": 0.004775567769840602,
        "clip_text_image": 0.33923599123954773,
        "dinov2_similarity": 0.30189651250839233
    }
}