{
    "Photoshop": {
        "hpsv2_score": 0.3084455132484436,
        "aesthetics_score": 5.651811599731445,
        "background_mse": 0.0006639186268492093,
        "clip_text_image": 0.2437530755996704,
        "dinov2_similarity": 0.21474331617355347
    },
    "TF-ICON": {
        "hpsv2_score": 0.32038283348083496,
        "aesthetics_score": 6.2906951904296875,
        "background_mse": 0.00537681769239746,
        "clip_text_image": 0.24486364424228668,
        "dinov2_similarity": 0.2274639904499054
    },
    "KV-EDIT": {
        "hpsv2_score": 0.27526217699050903,
        "aesthetics_score": 5.863157749176025,
        "background_mse": 0.0016415174606067998,
        "clip_text_image": 0.20223556458950043,
        "dinov2_similarity": 0.054191358387470245
    },
    "ours": {
        "hpsv2_score": 0.30998337268829346,
        "aesthetics_score": 5.837221145629883,
        "background_mse": 0.0024729256536308608,
        "clip_text_image": 0.2352139800786972,
        "dinov2_similarity": 0.23096056282520294
    }
}