{
    "Photoshop": {
        "hpsv2_score": 0.3327554166316986,
        "aesthetics_score": 5.039414882659912,
        "background_mse": 0.0003552793673880028,
        "clip_text_image": 0.34997066855430603,
        "dinov2_similarity": 0.41145601868629456
    },
    "TF-ICON": {
        "hpsv2_score": 0.34748750925064087,
        "aesthetics_score": 5.411099433898926,
        "background_mse": 0.002020870537466883,
        "clip_text_image": 0.2855885624885559,
        "dinov2_similarity": 0.4010116457939148
    },
    "KV-EDIT": {
        "hpsv2_score": 0.3450584411621094,
        "aesthetics_score": 5.234354019165039,
        "background_mse": 0.0005525780931866608,
        "clip_text_image": 0.31071698665618896,
        "dinov2_similarity": 0.3801311254501343
    },
    "ours": {
        "hpsv2_score": 0.3198546767234802,
        "aesthetics_score": 5.4322829246521,
        "background_mse": 0.0007583615538190642,
        "clip_text_image": 0.2756092846393585,
        "dinov2_similarity": 0.39408910274505615
    }
}