{
    "Photoshop": {
        "hpsv2_score": 0.3136029839515686,
        "aesthetics_score": 5.792817115783691,
        "background_mse": 0.0006936360729417967,
        "clip_text_image": 0.20463089644908905,
        "dinov2_similarity": 0.17964951694011688
    },
    "TF-ICON": {
        "hpsv2_score": 0.3017207086086273,
        "aesthetics_score": 6.595489025115967,
        "background_mse": 0.0057927162522771495,
        "clip_text_image": 0.22209082543849945,
        "dinov2_similarity": 0.16911712288856506
    },
    "KV-EDIT": {
        "hpsv2_score": 0.26593440771102905,
        "aesthetics_score": 6.074054718017578,
        "background_mse": 0.0011465444302063777,
        "clip_text_image": 0.23537427186965942,
        "dinov2_similarity": 0.09806741774082184
    },
    "ours": {
        "hpsv2_score": 0.30075961351394653,
        "aesthetics_score": 5.987549781799316,
        "background_mse": 0.0024953980990647376,
        "clip_text_image": 0.2020975947380066,
        "dinov2_similarity": 0.17478838562965393
    }
}