{
    "Photoshop": {
        "hpsv2_score": 0.38486307859420776,
        "aesthetics_score": 4.595337867736816,
        "background_mse": 0.00034722903244426115,
        "clip_text_image": 0.35689419507980347,
        "dinov2_similarity": 0.6471550464630127
    },
    "TF-ICON": {
        "hpsv2_score": 0.408241868019104,
        "aesthetics_score": 5.350135326385498,
        "background_mse": 0.003865970149492238,
        "clip_text_image": 0.3329140841960907,
        "dinov2_similarity": 0.5786657333374023
    },
    "KV-EDIT": {
        "hpsv2_score": 0.3699793815612793,
        "aesthetics_score": 5.375443935394287,
        "background_mse": 0.000285981365877264,
        "clip_text_image": 0.32282575964927673,
        "dinov2_similarity": 0.5652803182601929
    },
    "ours": {
        "hpsv2_score": 0.402199923992157,
        "aesthetics_score": 4.99409818649292,
        "background_mse": 0.0005912049424065646,
        "clip_text_image": 0.3394726812839508,
        "dinov2_similarity": 0.5885244011878967
    }
}