{
    "Photoshop": {
        "hpsv2_score": 0.3437618017196655,
        "aesthetics_score": 4.888739585876465,
        "background_mse": 0.0007032043272842731,
        "clip_text_image": 0.24141842126846313,
        "dinov2_similarity": 0.27853870391845703
    },
    "TF-ICON": {
        "hpsv2_score": 0.3555864095687866,
        "aesthetics_score": 6.0212273597717285,
        "background_mse": 0.009809851153756283,
        "clip_text_image": 0.25457996129989624,
        "dinov2_similarity": 0.3331064283847809
    },
    "KV-EDIT": {
        "hpsv2_score": 0.32979661226272583,
        "aesthetics_score": 5.081651210784912,
        "background_mse": 0.00172750970204867,
        "clip_text_image": 0.2230340540409088,
        "dinov2_similarity": 0.19611629843711853
    },
    "ours": {
        "hpsv2_score": 0.33893370628356934,
        "aesthetics_score": 5.6609272956848145,
        "background_mse": 0.003817223740196378,
        "clip_text_image": 0.23727795481681824,
        "dinov2_similarity": 0.3620479702949524
    }
}