{
    "Photoshop": {
        "hpsv2_score": 0.324185848236084,
        "aesthetics_score": 4.9053568840026855,
        "background_mse": 0.001566896536761008,
        "clip_text_image": 0.2783356308937073,
        "dinov2_similarity": 0.343214750289917
    },
    "TF-ICON": {
        "hpsv2_score": 0.3632144331932068,
        "aesthetics_score": 4.896525859832764,
        "background_mse": 0.012009453526881087,
        "clip_text_image": 0.2891939878463745,
        "dinov2_similarity": 0.32246387004852295
    },
    "KV-EDIT": {
        "hpsv2_score": 0.3271993398666382,
        "aesthetics_score": 4.7706475257873535,
        "background_mse": 0.004425294087539486,
        "clip_text_image": 0.2838815152645111,
        "dinov2_similarity": 0.07083055377006531
    },
    "ours": {
        "hpsv2_score": 0.36824578046798706,
        "aesthetics_score": 4.755491256713867,
        "background_mse": 0.0069956892300625274,
        "clip_text_image": 0.2963825762271881,
        "dinov2_similarity": 0.34043318033218384
    }
}