{
    "Photoshop": {
        "hpsv2_score": 0.3060382604598999,
        "aesthetics_score": 5.55195951461792,
        "background_mse": 0.0006565832224461341,
        "clip_text_image": 0.18568600714206696,
        "dinov2_similarity": 0.20831550657749176
    },
    "TF-ICON": {
        "hpsv2_score": 0.31413888931274414,
        "aesthetics_score": 6.496935844421387,
        "background_mse": 0.007346630646472382,
        "clip_text_image": 0.23198862373828888,
        "dinov2_similarity": 0.19943252205848694
    },
    "KV-EDIT": {
        "hpsv2_score": 0.2877744138240814,
        "aesthetics_score": 5.750301837921143,
        "background_mse": 0.002300947025070766,
        "clip_text_image": 0.1773441582918167,
        "dinov2_similarity": 0.14926116168498993
    },
    "ours": {
        "hpsv2_score": 0.32401910424232483,
        "aesthetics_score": 6.032567024230957,
        "background_mse": 0.0025082749987720373,
        "clip_text_image": 0.23438279330730438,
        "dinov2_similarity": 0.19438296556472778
    }
}