{
    "Photoshop": {
        "hpsv2_score": 0.29926589131355286,
        "aesthetics_score": 4.631411552429199,
        "background_mse": 0.001501954151072321,
        "clip_text_image": 0.2817482054233551,
        "dinov2_similarity": 0.22272321581840515
    },
    "TF-ICON": {
        "hpsv2_score": 0.3440306484699249,
        "aesthetics_score": 4.800746440887451,
        "background_mse": 0.008939292242070691,
        "clip_text_image": 0.30287107825279236,
        "dinov2_similarity": 0.23858344554901123
    },
    "KV-EDIT": {
        "hpsv2_score": 0.12565922737121582,
        "aesthetics_score": 4.310361862182617,
        "background_mse": 0.003720999597696542,
        "clip_text_image": 0.13103969395160675,
        "dinov2_similarity": -0.04522613435983658
    },
    "ours": {
        "hpsv2_score": 0.3438790738582611,
        "aesthetics_score": 4.424429416656494,
        "background_mse": 0.0068445080649235735,
        "clip_text_image": 0.2922225594520569,
        "dinov2_similarity": 0.23026062548160553
    }
}