{
    "Photoshop": {
        "hpsv2_score": 0.380603551864624,
        "aesthetics_score": 5.564826965332031,
        "background_mse": 0.0006472592690315118,
        "clip_text_image": 0.3257122039794922,
        "dinov2_similarity": 0.12834502756595612
    },
    "TF-ICON": {
        "hpsv2_score": 0.3892924189567566,
        "aesthetics_score": 6.268132209777832,
        "background_mse": 0.005515985324733661,
        "clip_text_image": 0.3463703691959381,
        "dinov2_similarity": 0.15993574261665344
    },
    "KV-EDIT": {
        "hpsv2_score": 0.09433254599571228,
        "aesthetics_score": 3.7784528732299805,
        "background_mse": 0.0011050301758900672,
        "clip_text_image": 0.047750480473041534,
        "dinov2_similarity": -0.06771914660930634
    },
    "ours": {
        "hpsv2_score": 0.36945170164108276,
        "aesthetics_score": 5.836626052856445,
        "background_mse": 0.0023201302330193747,
        "clip_text_image": 0.2973161041736603,
        "dinov2_similarity": 0.12640458345413208
    }
}