{
    "Photoshop": {
        "hpsv2_score": 0.314777135848999,
        "aesthetics_score": 4.821860313415527,
        "background_mse": 0.0007026790436149306,
        "clip_text_image": 0.2940760552883148,
        "dinov2_similarity": 0.35349899530410767
    },
    "TF-ICON": {
        "hpsv2_score": 0.3930031955242157,
        "aesthetics_score": 5.361825942993164,
        "background_mse": 0.013715092069072054,
        "clip_text_image": 0.2851667106151581,
        "dinov2_similarity": 0.3887462615966797
    },
    "KV-EDIT": {
        "hpsv2_score": 0.23395365476608276,
        "aesthetics_score": 4.666373252868652,
        "background_mse": 0.001167262259100419,
        "clip_text_image": 0.22030185163021088,
        "dinov2_similarity": 0.12738601863384247
    },
    "ours": {
        "hpsv2_score": 0.3219238817691803,
        "aesthetics_score": 5.166927337646484,
        "background_mse": 0.002129077883168812,
        "clip_text_image": 0.27267345786094666,
        "dinov2_similarity": 0.3954070210456848
    }
}