{
    "Photoshop": {
        "hpsv2_score": 0.34966033697128296,
        "aesthetics_score": 4.533437728881836,
        "background_mse": 0.0016248503016682721,
        "clip_text_image": 0.26121994853019714,
        "dinov2_similarity": 0.5676894783973694
    },
    "TF-ICON": {
        "hpsv2_score": 0.36161476373672485,
        "aesthetics_score": 4.929950714111328,
        "background_mse": 0.009491018627824083,
        "clip_text_image": 0.28401419520378113,
        "dinov2_similarity": 0.5480108261108398
    },
    "KV-EDIT": {
        "hpsv2_score": 0.3768159747123718,
        "aesthetics_score": 4.4832258224487305,
        "background_mse": 0.004392654301178617,
        "clip_text_image": 0.27134430408477783,
        "dinov2_similarity": 0.33414071798324585
    },
    "ours": {
        "hpsv2_score": 0.3531431555747986,
        "aesthetics_score": 4.922715663909912,
        "background_mse": 0.009327153906353722,
        "clip_text_image": 0.23929698765277863,
        "dinov2_similarity": 0.5568927526473999
    }
}