{
    "Photoshop": {
        "hpsv2_score": 0.24910859763622284,
        "aesthetics_score": 5.277057647705078,
        "background_mse": 0.0006839104593314802,
        "clip_text_image": 0.21368035674095154,
        "dinov2_similarity": 0.2798882722854614
    },
    "TF-ICON": {
        "hpsv2_score": 0.28717195987701416,
        "aesthetics_score": 5.92821741104126,
        "background_mse": 0.008580301860744847,
        "clip_text_image": 0.25080692768096924,
        "dinov2_similarity": 0.2390478104352951
    },
    "KV-EDIT": {
        "hpsv2_score": 0.21039387583732605,
        "aesthetics_score": 5.390373229980469,
        "background_mse": 0.0011535857226066197,
        "clip_text_image": 0.1840885579586029,
        "dinov2_similarity": 0.09522536396980286
    },
    "ours": {
        "hpsv2_score": 0.2883238196372986,
        "aesthetics_score": 5.0853424072265625,
        "background_mse": 0.002573021377012281,
        "clip_text_image": 0.23287181556224823,
        "dinov2_similarity": 0.27593928575515747
    }
}