{
    "Photoshop": {
        "hpsv2_score": 0.26345571875572205,
        "aesthetics_score": 5.948505401611328,
        "background_mse": 0.0015443856812318146,
        "clip_text_image": 0.22482627630233765,
        "dinov2_similarity": 0.34218865633010864
    },
    "TF-ICON": {
        "hpsv2_score": 0.3027418553829193,
        "aesthetics_score": 5.934351921081543,
        "background_mse": 0.011510424876650242,
        "clip_text_image": 0.27755260467529297,
        "dinov2_similarity": 0.35842227935791016
    },
    "KV-EDIT": {
        "hpsv2_score": 0.2890424430370331,
        "aesthetics_score": 5.922043800354004,
        "background_mse": 0.0011801906782114185,
        "clip_text_image": 0.2671550214290619,
        "dinov2_similarity": 0.3165101706981659
    },
    "ours": {
        "hpsv2_score": 0.3051593005657196,
        "aesthetics_score": 5.982439041137695,
        "background_mse": 0.004302440513358318,
        "clip_text_image": 0.2766110301017761,
        "dinov2_similarity": 0.36388567090034485
    }
}