{
    "Photoshop": {
        "hpsv2_score": 0.2973502278327942,
        "aesthetics_score": 4.651349067687988,
        "background_mse": 0.0014912915831852497,
        "clip_text_image": 0.22784768044948578,
        "dinov2_similarity": 0.11083658784627914
    },
    "TF-ICON": {
        "hpsv2_score": 0.3252740502357483,
        "aesthetics_score": 4.903379440307617,
        "background_mse": 0.008509820571023247,
        "clip_text_image": 0.2588166892528534,
        "dinov2_similarity": 0.1245831698179245
    },
    "KV-EDIT": {
        "hpsv2_score": 0.290094256401062,
        "aesthetics_score": 4.913496971130371,
        "background_mse": 0.00371572552079481,
        "clip_text_image": 0.23353610932826996,
        "dinov2_similarity": 0.12013304978609085
    },
    "ours": {
        "hpsv2_score": 0.33380910754203796,
        "aesthetics_score": 4.6324591636657715,
        "background_mse": 0.006615826946015401,
        "clip_text_image": 0.23221392929553986,
        "dinov2_similarity": 0.14492423832416534
    }
}