{
    "Photoshop": {
        "hpsv2_score": 0.3804909586906433,
        "aesthetics_score": 5.130903244018555,
        "background_mse": 0.000353234465887438,
        "clip_text_image": 0.3686407804489136,
        "dinov2_similarity": 0.5311385989189148
    },
    "TF-ICON": {
        "hpsv2_score": 0.401559054851532,
        "aesthetics_score": 5.7982635498046875,
        "background_mse": 0.0028942769483140097,
        "clip_text_image": 0.349338173866272,
        "dinov2_similarity": 0.538449764251709
    },
    "KV-EDIT": {
        "hpsv2_score": 0.3751927614212036,
        "aesthetics_score": 5.495975494384766,
        "background_mse": 0.0004622799632001074,
        "clip_text_image": 0.30280745029449463,
        "dinov2_similarity": 0.4783887267112732
    },
    "ours": {
        "hpsv2_score": 0.40677610039711,
        "aesthetics_score": 5.634209156036377,
        "background_mse": 0.0008029789809704609,
        "clip_text_image": 0.3430034816265106,
        "dinov2_similarity": 0.5248589515686035
    }
}