{
    "Photoshop": {
        "hpsv2_score": 0.3395945131778717,
        "aesthetics_score": 4.948847770690918,
        "background_mse": 0.0010025844325716002,
        "clip_text_image": 0.3151197135448456,
        "dinov2_similarity": 0.40636032819747925
    },
    "TF-ICON": {
        "hpsv2_score": 0.38332703709602356,
        "aesthetics_score": 6.332601547241211,
        "background_mse": 0.00782388228947622,
        "clip_text_image": 0.3417498767375946,
        "dinov2_similarity": 0.33017677068710327
    },
    "KV-EDIT": {
        "hpsv2_score": 0.3839430809020996,
        "aesthetics_score": 5.839217185974121,
        "background_mse": 0.0005209310491684925,
        "clip_text_image": 0.34534716606140137,
        "dinov2_similarity": 0.2674098014831543
    },
    "ours": {
        "hpsv2_score": 0.38899683952331543,
        "aesthetics_score": 5.359362602233887,
        "background_mse": 0.002692772828672802,
        "clip_text_image": 0.3106542229652405,
        "dinov2_similarity": 0.4110490083694458
    }
}