{
    "Photoshop": {
        "hpsv2_score": 0.24666735529899597,
        "aesthetics_score": 5.411413669586182,
        "background_mse": 0.0007373311499269068,
        "clip_text_image": 0.1852167844772339,
        "dinov2_similarity": 0.62723708152771
    },
    "TF-ICON": {
        "hpsv2_score": 0.32723480463027954,
        "aesthetics_score": 5.656108856201172,
        "background_mse": 0.005792797430109386,
        "clip_text_image": 0.29156363010406494,
        "dinov2_similarity": 0.5551034808158875
    },
    "KV-EDIT": {
        "hpsv2_score": 0.25501909852027893,
        "aesthetics_score": 5.462889671325684,
        "background_mse": 0.0012183078544038962,
        "clip_text_image": 0.18486344814300537,
        "dinov2_similarity": 0.4099883437156677
    },
    "ours": {
        "hpsv2_score": 0.3030257225036621,
        "aesthetics_score": 5.5808424949646,
        "background_mse": 0.002627605264293815,
        "clip_text_image": 0.2481374740600586,
        "dinov2_similarity": 0.5704680681228638
    }
}