{
    "Photoshop": {
        "hpsv2_score": 0.41794973611831665,
        "aesthetics_score": 5.74227237701416,
        "background_mse": 0.0010845373570870637,
        "clip_text_image": 0.322730153799057,
        "dinov2_similarity": 0.17718777060508728
    },
    "TF-ICON": {
        "hpsv2_score": 0.40018874406814575,
        "aesthetics_score": 6.040772914886475,
        "background_mse": 0.00886507129724857,
        "clip_text_image": 0.3121703565120697,
        "dinov2_similarity": 0.15927274525165558
    },
    "KV-EDIT": {
        "hpsv2_score": 0.39789626002311707,
        "aesthetics_score": 6.2806620597839355,
        "background_mse": 0.001850755427329506,
        "clip_text_image": 0.30775463581085205,
        "dinov2_similarity": 0.05375111103057861
    },
    "ours": {
        "hpsv2_score": 0.40691760182380676,
        "aesthetics_score": 6.09859561920166,
        "background_mse": 0.0043681158011782675,
        "clip_text_image": 0.3192347586154938,
        "dinov2_similarity": 0.1772535741329193
    }
}