{
    "Photoshop": {
        "hpsv2_score": 0.3782138526439667,
        "aesthetics_score": 4.883914470672607,
        "background_mse": 0.0006891051558318359,
        "clip_text_image": 0.3195134699344635,
        "dinov2_similarity": 0.5096925497055054
    },
    "TF-ICON": {
        "hpsv2_score": 0.4604405462741852,
        "aesthetics_score": 5.663227558135986,
        "background_mse": 0.0062682915513692225,
        "clip_text_image": 0.3577789068222046,
        "dinov2_similarity": 0.5795918107032776
    },
    "KV-EDIT": {
        "hpsv2_score": 0.25355255603790283,
        "aesthetics_score": 5.48641300201416,
        "background_mse": 0.0008714670865594072,
        "clip_text_image": 0.23541481792926788,
        "dinov2_similarity": 0.15521574020385742
    },
    "ours": {
        "hpsv2_score": 0.39223939180374146,
        "aesthetics_score": 5.010149002075195,
        "background_mse": 0.0022094854059277677,
        "clip_text_image": 0.33228641748428345,
        "dinov2_similarity": 0.5724404454231262
    }
}