{
    "Photoshop": {
        "hpsv2_score": 0.33632609248161316,
        "aesthetics_score": 4.8901472091674805,
        "background_mse": 0.001506582721355255,
        "clip_text_image": 0.24571050703525543,
        "dinov2_similarity": 0.2755323648452759
    },
    "TF-ICON": {
        "hpsv2_score": 0.36290237307548523,
        "aesthetics_score": 5.284987449645996,
        "background_mse": 0.00907372263426007,
        "clip_text_image": 0.25538575649261475,
        "dinov2_similarity": 0.2415180653333664
    },
    "KV-EDIT": {
        "hpsv2_score": 0.2629969120025635,
        "aesthetics_score": 4.580296516418457,
        "background_mse": 0.0037550272230876813,
        "clip_text_image": 0.23880545794963837,
        "dinov2_similarity": 0.05108626186847687
    },
    "ours": {
        "hpsv2_score": 0.37136057019233704,
        "aesthetics_score": 4.577178478240967,
        "background_mse": 0.007268494829122102,
        "clip_text_image": 0.2821560502052307,
        "dinov2_similarity": 0.27747881412506104
    }
}