{
    "Photoshop": {
        "hpsv2_score": 0.37248146533966064,
        "aesthetics_score": 5.980648040771484,
        "background_mse": 0.000691988027646999,
        "clip_text_image": 0.25183022022247314,
        "dinov2_similarity": 0.2247149497270584
    },
    "TF-ICON": {
        "hpsv2_score": 0.39713770151138306,
        "aesthetics_score": 6.495984077453613,
        "background_mse": 0.005336231649060759,
        "clip_text_image": 0.2906990647315979,
        "dinov2_similarity": 0.20163702964782715
    },
    "KV-EDIT": {
        "hpsv2_score": 0.1894036829471588,
        "aesthetics_score": 5.0538458824157715,
        "background_mse": 0.0019227994107915611,
        "clip_text_image": 0.13795205950737,
        "dinov2_similarity": -0.06738711893558502
    },
    "ours": {
        "hpsv2_score": 0.3851453959941864,
        "aesthetics_score": 6.0865373611450195,
        "background_mse": 0.0025637253134607597,
        "clip_text_image": 0.26890280842781067,
        "dinov2_similarity": 0.21480169892311096
    }
}