{
    "Photoshop": {
        "hpsv2_score": 0.2596135139465332,
        "aesthetics_score": 5.007882595062256,
        "background_mse": 0.0018770512885827732,
        "clip_text_image": 0.2721835672855377,
        "dinov2_similarity": 0.42641323804855347
    },
    "TF-ICON": {
        "hpsv2_score": 0.30055129528045654,
        "aesthetics_score": 5.754170894622803,
        "background_mse": 0.010297801303293032,
        "clip_text_image": 0.25619447231292725,
        "dinov2_similarity": 0.4320470094680786
    },
    "KV-EDIT": {
        "hpsv2_score": 0.31315749883651733,
        "aesthetics_score": 4.729856967926025,
        "background_mse": 0.004342421967814492,
        "clip_text_image": 0.2825881242752075,
        "dinov2_similarity": 0.31439852714538574
    },
    "ours": {
        "hpsv2_score": 0.2958751916885376,
        "aesthetics_score": 5.3704833984375,
        "background_mse": 0.009101585043452303,
        "clip_text_image": 0.24931395053863525,
        "dinov2_similarity": 0.4593348503112793
    }
}