{
    "Photoshop": {
        "hpsv2_score": 0.3637312054634094,
        "aesthetics_score": 5.122574806213379,
        "background_mse": 0.0007043101793933755,
        "clip_text_image": 0.31769537925720215,
        "dinov2_similarity": 0.33395928144454956
    },
    "TF-ICON": {
        "hpsv2_score": 0.33890044689178467,
        "aesthetics_score": 5.669424533843994,
        "background_mse": 0.0043109369610884254,
        "clip_text_image": 0.3194906413555145,
        "dinov2_similarity": 0.15246745944023132
    },
    "KV-EDIT": {
        "hpsv2_score": 0.3189559578895569,
        "aesthetics_score": 5.234259605407715,
        "background_mse": 0.000324045494305457,
        "clip_text_image": 0.2848714292049408,
        "dinov2_similarity": 0.10682844370603561
    },
    "ours": {
        "hpsv2_score": 0.35355812311172485,
        "aesthetics_score": 5.310323238372803,
        "background_mse": 0.0015941465944757213,
        "clip_text_image": 0.310030996799469,
        "dinov2_similarity": 0.2458740919828415
    }
}