{
    "Photoshop": {
        "hpsv2_score": 0.4122568666934967,
        "aesthetics_score": 5.389667510986328,
        "background_mse": 4.532977574527522e-05,
        "clip_text_image": 0.3303307592868805,
        "dinov2_similarity": 0.24095389246940613
    },
    "TF-ICON": {
        "hpsv2_score": 0.4234149754047394,
        "aesthetics_score": 5.95615291595459,
        "background_mse": 0.03503241836091575,
        "clip_text_image": 0.3490731418132782,
        "dinov2_similarity": 0.20015355944633484
    },
    "KV-EDIT": {
        "hpsv2_score": 0.3766590654850006,
        "aesthetics_score": 5.417140483856201,
        "background_mse": 0.01146064016142352,
        "clip_text_image": 0.33666515350341797,
        "dinov2_similarity": 0.11340022087097168
    },
    "ours": {
        "hpsv2_score": 0.4332417845726013,
        "aesthetics_score": 5.782683372497559,
        "background_mse": 0.022276363880066995,
        "clip_text_image": 0.36146560311317444,
        "dinov2_similarity": 0.27260226011276245
    }
}