{
    "Photoshop": {
        "hpsv2_score": 0.32073110342025757,
        "aesthetics_score": 5.347325325012207,
        "background_mse": 0.0003619225620151849,
        "clip_text_image": 0.3040333390235901,
        "dinov2_similarity": 0.4246949553489685
    },
    "TF-ICON": {
        "hpsv2_score": 0.3373490571975708,
        "aesthetics_score": 5.5483551025390625,
        "background_mse": 0.0019182589361098508,
        "clip_text_image": 0.3153691589832306,
        "dinov2_similarity": 0.39074647426605225
    },
    "KV-EDIT": {
        "hpsv2_score": 0.3266957104206085,
        "aesthetics_score": 5.0728678703308105,
        "background_mse": 0.0002649747741385795,
        "clip_text_image": 0.2971890866756439,
        "dinov2_similarity": 0.3153100907802582
    },
    "ours": {
        "hpsv2_score": 0.3173375725746155,
        "aesthetics_score": 5.535031318664551,
        "background_mse": 0.0008442697346523761,
        "clip_text_image": 0.2987715005874634,
        "dinov2_similarity": 0.42000508308410645
    }
}