{
    "Photoshop": {
        "hpsv2_score": 0.24469663202762604,
        "aesthetics_score": 5.105271816253662,
        "background_mse": 0.00188548413485315,
        "clip_text_image": 0.1945558339357376,
        "dinov2_similarity": 0.13050468266010284
    },
    "TF-ICON": {
        "hpsv2_score": 0.3426003158092499,
        "aesthetics_score": 5.683548450469971,
        "background_mse": 0.0091363967705029,
        "clip_text_image": 0.27508097887039185,
        "dinov2_similarity": 0.12904897332191467
    },
    "KV-EDIT": {
        "hpsv2_score": 0.2544652223587036,
        "aesthetics_score": 4.977883338928223,
        "background_mse": 0.0043151957316046015,
        "clip_text_image": 0.19076591730117798,
        "dinov2_similarity": 0.11128033697605133
    },
    "ours": {
        "hpsv2_score": 0.3276808261871338,
        "aesthetics_score": 5.550049304962158,
        "background_mse": 0.008705582036596483,
        "clip_text_image": 0.27121514081954956,
        "dinov2_similarity": 0.16890011727809906
    }
}