{
    "Photoshop": {
        "hpsv2_score": 0.30291855335235596,
        "aesthetics_score": 5.446131706237793,
        "background_mse": 0.000640198602679899,
        "clip_text_image": 0.27041319012641907,
        "dinov2_similarity": 0.5706029534339905
    },
    "TF-ICON": {
        "hpsv2_score": 0.35114866495132446,
        "aesthetics_score": 5.663819313049316,
        "background_mse": 0.006782897600962601,
        "clip_text_image": 0.2537626028060913,
        "dinov2_similarity": 0.6642640829086304
    },
    "KV-EDIT": {
        "hpsv2_score": 0.3596573770046234,
        "aesthetics_score": 5.397299766540527,
        "background_mse": 0.0021121894871775813,
        "clip_text_image": 0.2802852988243103,
        "dinov2_similarity": 0.5578967332839966
    },
    "ours": {
        "hpsv2_score": 0.3541334569454193,
        "aesthetics_score": 5.060488224029541,
        "background_mse": 0.004425126717330546,
        "clip_text_image": 0.2827933728694916,
        "dinov2_similarity": 0.5833156108856201
    }
}