{
    "Photoshop": {
        "hpsv2_score": 0.3821612298488617,
        "aesthetics_score": 4.858097076416016,
        "background_mse": 0.00035546703980665536,
        "clip_text_image": 0.36229774355888367,
        "dinov2_similarity": 0.6237802505493164
    },
    "TF-ICON": {
        "hpsv2_score": 0.3691960573196411,
        "aesthetics_score": 5.490918159484863,
        "background_mse": 0.0049653019687589985,
        "clip_text_image": 0.3173977732658386,
        "dinov2_similarity": 0.382753849029541
    },
    "KV-EDIT": {
        "hpsv2_score": 0.2941870391368866,
        "aesthetics_score": 5.214839935302734,
        "background_mse": 0.00030895500466057463,
        "clip_text_image": 0.25585415959358215,
        "dinov2_similarity": 0.18202176690101624
    },
    "ours": {
        "hpsv2_score": 0.3854559063911438,
        "aesthetics_score": 5.325490474700928,
        "background_mse": 0.0017164280428265308,
        "clip_text_image": 0.29141369462013245,
        "dinov2_similarity": 0.5713297128677368
    }
}