{
    "Photoshop": {
        "hpsv2_score": 0.35385337471961975,
        "aesthetics_score": 5.303133964538574,
        "background_mse": 0.000494673092003299,
        "clip_text_image": 0.37452343106269836,
        "dinov2_similarity": 0.15942224860191345
    },
    "TF-ICON": {
        "hpsv2_score": 0.3285629451274872,
        "aesthetics_score": 5.192970275878906,
        "background_mse": 0.0038778092627726095,
        "clip_text_image": 0.2699018120765686,
        "dinov2_similarity": 0.16155271232128143
    },
    "KV-EDIT": {
        "hpsv2_score": 0.24965344369411469,
        "aesthetics_score": 5.415868759155273,
        "background_mse": 0.0007449955871633459,
        "clip_text_image": 0.2889210283756256,
        "dinov2_similarity": 0.10829651355743408
    },
    "ours": {
        "hpsv2_score": 0.2716856300830841,
        "aesthetics_score": 5.444165229797363,
        "background_mse": 0.0020983541507601285,
        "clip_text_image": 0.29103803634643555,
        "dinov2_similarity": 0.13750413060188293
    }
}