{
    "Photoshop": {
        "hpsv2_score": 0.1737317144870758,
        "aesthetics_score": 5.21814489364624,
        "background_mse": 0.0007207749521128199,
        "clip_text_image": 0.22231149673461914,
        "dinov2_similarity": 0.3469785451889038
    },
    "TF-ICON": {
        "hpsv2_score": 0.4391025900840759,
        "aesthetics_score": 5.572323799133301,
        "background_mse": 0.015403965076620944,
        "clip_text_image": 0.3665110468864441,
        "dinov2_similarity": 0.5415701866149902
    },
    "KV-EDIT": {
        "hpsv2_score": 0.22840499877929688,
        "aesthetics_score": 4.58772087097168,
        "background_mse": 0.0010483338889281245,
        "clip_text_image": 0.21100789308547974,
        "dinov2_similarity": 0.26811882853507996
    },
    "ours": {
        "hpsv2_score": 0.2596606910228729,
        "aesthetics_score": 5.081839561462402,
        "background_mse": 0.0016265717951280977,
        "clip_text_image": 0.22808226943016052,
        "dinov2_similarity": 0.3231034278869629
    }
}