{
    "Photoshop": {
        "hpsv2_score": 0.28529590368270874,
        "aesthetics_score": 5.093503475189209,
        "background_mse": 0.0018361342413553959,
        "clip_text_image": 0.28765130043029785,
        "dinov2_similarity": 0.3815080523490906
    },
    "TF-ICON": {
        "hpsv2_score": 0.31356847286224365,
        "aesthetics_score": 5.125174522399902,
        "background_mse": 0.01158140896242326,
        "clip_text_image": 0.24177543818950653,
        "dinov2_similarity": 0.29485034942626953
    },
    "KV-EDIT": {
        "hpsv2_score": 0.25651249289512634,
        "aesthetics_score": 5.08207893371582,
        "background_mse": 0.00435676580787167,
        "clip_text_image": 0.24156351387500763,
        "dinov2_similarity": 0.19852349162101746
    },
    "ours": {
        "hpsv2_score": 0.28398561477661133,
        "aesthetics_score": 5.1219868659973145,
        "background_mse": 0.009853719097809955,
        "clip_text_image": 0.2601296305656433,
        "dinov2_similarity": 0.35234272480010986
    }
}