{
    "Photoshop": {
        "hpsv2_score": 0.28173184394836426,
        "aesthetics_score": 5.416560173034668,
        "background_mse": 0.0006095609199138402,
        "clip_text_image": 0.25388118624687195,
        "dinov2_similarity": 0.5251746773719788
    },
    "TF-ICON": {
        "hpsv2_score": 0.43281090259552,
        "aesthetics_score": 5.444131374359131,
        "background_mse": 0.013754246776356255,
        "clip_text_image": 0.29759955406188965,
        "dinov2_similarity": 0.6183294653892517
    },
    "KV-EDIT": {
        "hpsv2_score": 0.18250319361686707,
        "aesthetics_score": 4.8327412605285645,
        "background_mse": 0.0007513301882940309,
        "clip_text_image": 0.14257244765758514,
        "dinov2_similarity": 0.26624631881713867
    },
    "ours": {
        "hpsv2_score": 0.29269570112228394,
        "aesthetics_score": 5.359685897827148,
        "background_mse": 0.0016325811075564125,
        "clip_text_image": 0.25494322180747986,
        "dinov2_similarity": 0.5361865162849426
    }
}