{
    "Photoshop": {
        "hpsv2_score": 0.3851318955421448,
        "aesthetics_score": 5.113494873046875,
        "background_mse": 0.0003527932775118404,
        "clip_text_image": 0.307989239692688,
        "dinov2_similarity": 0.5929343700408936
    },
    "TF-ICON": {
        "hpsv2_score": 0.3935112953186035,
        "aesthetics_score": 5.399765968322754,
        "background_mse": 0.004171597102779304,
        "clip_text_image": 0.31147369742393494,
        "dinov2_similarity": 0.579539954662323
    },
    "KV-EDIT": {
        "hpsv2_score": 0.3375146985054016,
        "aesthetics_score": 5.332674026489258,
        "background_mse": 0.0002906823978403726,
        "clip_text_image": 0.2932579517364502,
        "dinov2_similarity": 0.4470713138580322
    },
    "ours": {
        "hpsv2_score": 0.386301726102829,
        "aesthetics_score": 5.242257118225098,
        "background_mse": 0.0014834184300860707,
        "clip_text_image": 0.31379926204681396,
        "dinov2_similarity": 0.6069999933242798
    }
}