{
    "Photoshop": {
        "hpsv2_score": 0.3561764061450958,
        "aesthetics_score": 5.103274345397949,
        "background_mse": 0.0006814618468273224,
        "clip_text_image": 0.31415337324142456,
        "dinov2_similarity": 0.20900163054466248
    },
    "TF-ICON": {
        "hpsv2_score": 0.3690641224384308,
        "aesthetics_score": 5.814826011657715,
        "background_mse": 0.006426554474752028,
        "clip_text_image": 0.34525904059410095,
        "dinov2_similarity": 0.09386376291513443
    },
    "KV-EDIT": {
        "hpsv2_score": 0.37874430418014526,
        "aesthetics_score": 5.706991195678711,
        "background_mse": 0.0004409384992063162,
        "clip_text_image": 0.35526469349861145,
        "dinov2_similarity": 0.11567983031272888
    },
    "ours": {
        "hpsv2_score": 0.3769027888774872,
        "aesthetics_score": 5.53184700012207,
        "background_mse": 0.0013985411823708256,
        "clip_text_image": 0.34180882573127747,
        "dinov2_similarity": 0.19563262164592743
    }
}