{
    "Photoshop": {
        "hpsv2_score": 0.32038751244544983,
        "aesthetics_score": 5.78581428527832,
        "background_mse": 0.0006919801658210596,
        "clip_text_image": 0.24974599480628967,
        "dinov2_similarity": 0.13593782484531403
    },
    "TF-ICON": {
        "hpsv2_score": 0.3414669632911682,
        "aesthetics_score": 6.474383354187012,
        "background_mse": 0.007467828352810297,
        "clip_text_image": 0.28476980328559875,
        "dinov2_similarity": 0.07067245244979858
    },
    "KV-EDIT": {
        "hpsv2_score": 0.32960331439971924,
        "aesthetics_score": 5.907169342041016,
        "background_mse": 0.0011238021847841107,
        "clip_text_image": 0.2467641681432724,
        "dinov2_similarity": 0.049081020057201385
    },
    "ours": {
        "hpsv2_score": 0.3338039815425873,
        "aesthetics_score": 5.812098503112793,
        "background_mse": 0.0027813403387334677,
        "clip_text_image": 0.27646005153656006,
        "dinov2_similarity": 0.0958876758813858
    }
}