{
    "Photoshop": {
        "hpsv2_score": 0.21517904102802277,
        "aesthetics_score": 5.170582294464111,
        "background_mse": 0.0008238401267640048,
        "clip_text_image": 0.2585858106613159,
        "dinov2_similarity": 0.2967149615287781
    },
    "TF-ICON": {
        "hpsv2_score": 0.2811761498451233,
        "aesthetics_score": 5.72077751159668,
        "background_mse": 0.0060861305589039,
        "clip_text_image": 0.27220481634140015,
        "dinov2_similarity": 0.28018900752067566
    },
    "KV-EDIT": {
        "hpsv2_score": 0.18453636765480042,
        "aesthetics_score": 4.677243232727051,
        "background_mse": 0.0017460640380837049,
        "clip_text_image": 0.21595923602581024,
        "dinov2_similarity": 0.12814457714557648
    },
    "ours": {
        "hpsv2_score": 0.19362175464630127,
        "aesthetics_score": 5.273307800292969,
        "background_mse": 0.001901089959064115,
        "clip_text_image": 0.2093723863363266,
        "dinov2_similarity": 0.1845988780260086
    }
}