{
    "Photoshop": {
        "hpsv2_score": 0.26682963967323303,
        "aesthetics_score": 5.416447639465332,
        "background_mse": 0.000713902595271984,
        "clip_text_image": 0.18488134443759918,
        "dinov2_similarity": 0.29325342178344727
    },
    "TF-ICON": {
        "hpsv2_score": 0.26466578245162964,
        "aesthetics_score": 6.008743762969971,
        "background_mse": 0.00563384357269974,
        "clip_text_image": 0.18286095559597015,
        "dinov2_similarity": 0.2924942970275879
    },
    "KV-EDIT": {
        "hpsv2_score": 0.2521469295024872,
        "aesthetics_score": 5.746548652648926,
        "background_mse": 0.0012969407203849736,
        "clip_text_image": 0.17342448234558105,
        "dinov2_similarity": 0.2908329665660858
    },
    "ours": {
        "hpsv2_score": 0.24093231558799744,
        "aesthetics_score": 5.41920804977417,
        "background_mse": 0.0028732095280408583,
        "clip_text_image": 0.1824832558631897,
        "dinov2_similarity": 0.26871877908706665
    }
}