{
    "Photoshop": {
        "hpsv2_score": 0.29619207978248596,
        "aesthetics_score": 5.205652236938477,
        "background_mse": 0.0008441779490846505,
        "clip_text_image": 0.27033960819244385,
        "dinov2_similarity": 0.5711277723312378
    },
    "TF-ICON": {
        "hpsv2_score": 0.2922484576702118,
        "aesthetics_score": 5.445493698120117,
        "background_mse": 0.006703226656779746,
        "clip_text_image": 0.2782592177391052,
        "dinov2_similarity": 0.595090925693512
    },
    "KV-EDIT": {
        "hpsv2_score": 0.2539607882499695,
        "aesthetics_score": 5.488748550415039,
        "background_mse": 0.0009273798778585424,
        "clip_text_image": 0.18959052860736847,
        "dinov2_similarity": 0.46915435791015625
    },
    "ours": {
        "hpsv2_score": 0.30723804235458374,
        "aesthetics_score": 5.147878646850586,
        "background_mse": 0.0030679432942216614,
        "clip_text_image": 0.2657027244567871,
        "dinov2_similarity": 0.585584282875061
    }
}