{
    "Photoshop": {
        "hpsv2_score": 0.3221645951271057,
        "aesthetics_score": 5.198484420776367,
        "background_mse": 0.0007400778557811789,
        "clip_text_image": 0.2733960449695587,
        "dinov2_similarity": 0.6621671915054321
    },
    "TF-ICON": {
        "hpsv2_score": 0.33516398072242737,
        "aesthetics_score": 5.709871292114258,
        "background_mse": 0.006044895277239185,
        "clip_text_image": 0.26709169149398804,
        "dinov2_similarity": 0.6565437316894531
    },
    "KV-EDIT": {
        "hpsv2_score": 0.3125525414943695,
        "aesthetics_score": 4.4339704513549805,
        "background_mse": 0.0011155954247777905,
        "clip_text_image": 0.21675850450992584,
        "dinov2_similarity": 0.349499374628067
    },
    "ours": {
        "hpsv2_score": 0.3487222194671631,
        "aesthetics_score": 5.532463073730469,
        "background_mse": 0.00218198439658111,
        "clip_text_image": 0.30271896719932556,
        "dinov2_similarity": 0.540095329284668
    }
}