{
    "Photoshop": {
        "hpsv2_score": 0.401328444480896,
        "aesthetics_score": 5.359638214111328,
        "background_mse": 0.0010835271003441975,
        "clip_text_image": 0.32896241545677185,
        "dinov2_similarity": 0.16007542610168457
    },
    "TF-ICON": {
        "hpsv2_score": 0.3984396457672119,
        "aesthetics_score": 5.737717151641846,
        "background_mse": 0.00974968281010175,
        "clip_text_image": 0.2965480089187622,
        "dinov2_similarity": 0.14111855626106262
    },
    "KV-EDIT": {
        "hpsv2_score": 0.3935554623603821,
        "aesthetics_score": 5.960245132446289,
        "background_mse": 0.0018256442899294773,
        "clip_text_image": 0.2902306318283081,
        "dinov2_similarity": 0.03786462917923927
    },
    "ours": {
        "hpsv2_score": 0.406805157661438,
        "aesthetics_score": 5.8375749588012695,
        "background_mse": 0.0046133396468909715,
        "clip_text_image": 0.303212434053421,
        "dinov2_similarity": 0.1408815085887909
    }
}