{
    "Photoshop": {
        "hpsv2_score": 0.28252094984054565,
        "aesthetics_score": 4.475870609283447,
        "background_mse": 0.0015104983043180236,
        "clip_text_image": 0.22328603267669678,
        "dinov2_similarity": 0.17553988099098206
    },
    "TF-ICON": {
        "hpsv2_score": 0.33971986174583435,
        "aesthetics_score": 5.451577663421631,
        "background_mse": 0.021856540960788855,
        "clip_text_image": 0.24493035674095154,
        "dinov2_similarity": 0.2077750563621521
    },
    "KV-EDIT": {
        "hpsv2_score": 0.27098095417022705,
        "aesthetics_score": 4.932985305786133,
        "background_mse": 0.0037720428051889964,
        "clip_text_image": 0.2139177918434143,
        "dinov2_similarity": 0.092718705534935
    },
    "ours": {
        "hpsv2_score": 0.3504524230957031,
        "aesthetics_score": 4.665045738220215,
        "background_mse": 0.006556083577572037,
        "clip_text_image": 0.25588563084602356,
        "dinov2_similarity": 0.1713872104883194
    }
}