{
    "Photoshop": {
        "hpsv2_score": 0.21678490936756134,
        "aesthetics_score": 5.265954971313477,
        "background_mse": 0.0011789037350682537,
        "clip_text_image": 0.20862267911434174,
        "dinov2_similarity": 0.24351738393306732
    },
    "TF-ICON": {
        "hpsv2_score": 0.2510949671268463,
        "aesthetics_score": 5.767096519470215,
        "background_mse": 0.006772933751438909,
        "clip_text_image": 0.2313447892665863,
        "dinov2_similarity": 0.2527931332588196
    },
    "KV-EDIT": {
        "hpsv2_score": 0.16008982062339783,
        "aesthetics_score": 5.299081802368164,
        "background_mse": 0.0011557820829415726,
        "clip_text_image": 0.17138977348804474,
        "dinov2_similarity": 0.20909149944782257
    },
    "ours": {
        "hpsv2_score": 0.161868155002594,
        "aesthetics_score": 4.967841625213623,
        "background_mse": 0.0021536269557062833,
        "clip_text_image": 0.18775245547294617,
        "dinov2_similarity": 0.20024564862251282
    }
}