{
    "Photoshop": {
        "hpsv2_score": 0.3048494756221771,
        "aesthetics_score": 5.222926139831543,
        "background_mse": 0.0006841975824913586,
        "clip_text_image": 0.21233682334423065,
        "dinov2_similarity": 0.09288426488637924
    },
    "TF-ICON": {
        "hpsv2_score": 0.3024909198284149,
        "aesthetics_score": 6.584450721740723,
        "background_mse": 0.005837441292501178,
        "clip_text_image": 0.23443031311035156,
        "dinov2_similarity": 0.12474562227725983
    },
    "KV-EDIT": {
        "hpsv2_score": 0.3134472370147705,
        "aesthetics_score": 5.629338264465332,
        "background_mse": 0.0015040114777524025,
        "clip_text_image": 0.21911069750785828,
        "dinov2_similarity": 0.018941523507237434
    },
    "ours": {
        "hpsv2_score": 0.3148433566093445,
        "aesthetics_score": 5.66630744934082,
        "background_mse": 0.00242991556910984,
        "clip_text_image": 0.21984046697616577,
        "dinov2_similarity": 0.033575672656297684
    }
}