{
    "Photoshop": {
        "hpsv2_score": 0.35292479395866394,
        "aesthetics_score": 5.355736255645752,
        "background_mse": 0.0006694529104269148,
        "clip_text_image": 0.2953299283981323,
        "dinov2_similarity": 0.13737905025482178
    },
    "TF-ICON": {
        "hpsv2_score": 0.3560401499271393,
        "aesthetics_score": 6.388376235961914,
        "background_mse": 0.005587651685497033,
        "clip_text_image": 0.3115277886390686,
        "dinov2_similarity": 0.14928331971168518
    },
    "KV-EDIT": {
        "hpsv2_score": 0.1309085190296173,
        "aesthetics_score": 5.913189888000488,
        "background_mse": 0.0010560634008819486,
        "clip_text_image": 0.14054982364177704,
        "dinov2_similarity": -0.06038394942879677
    },
    "ours": {
        "hpsv2_score": 0.3663303256034851,
        "aesthetics_score": 6.163205146789551,
        "background_mse": 0.0025044179483091782,
        "clip_text_image": 0.2974301874637604,
        "dinov2_similarity": 0.16798409819602966
    }
}