{
    "Photoshop": {
        "hpsv2_score": 0.34487098455429077,
        "aesthetics_score": 5.326138973236084,
        "background_mse": 0.0006481887231638255,
        "clip_text_image": 0.23219923675060272,
        "dinov2_similarity": 0.17502009868621826
    },
    "TF-ICON": {
        "hpsv2_score": 0.3561899662017822,
        "aesthetics_score": 6.061563491821289,
        "background_mse": 0.012969922209700148,
        "clip_text_image": 0.25639039278030396,
        "dinov2_similarity": 0.28867417573928833
    },
    "KV-EDIT": {
        "hpsv2_score": 0.3115779459476471,
        "aesthetics_score": 4.624139785766602,
        "background_mse": 0.002773120412238258,
        "clip_text_image": 0.223865807056427,
        "dinov2_similarity": 0.018398350104689598
    },
    "ours": {
        "hpsv2_score": 0.3228001296520233,
        "aesthetics_score": 5.786667346954346,
        "background_mse": 0.002360116219167654,
        "clip_text_image": 0.23246456682682037,
        "dinov2_similarity": 0.18400345742702484
    }
}