{
    "Photoshop": {
        "hpsv2_score": 0.3303152322769165,
        "aesthetics_score": 4.728705883026123,
        "background_mse": 0.0015654573427966855,
        "clip_text_image": 0.2697206139564514,
        "dinov2_similarity": 0.364869624376297
    },
    "TF-ICON": {
        "hpsv2_score": 0.3399583697319031,
        "aesthetics_score": 5.224449157714844,
        "background_mse": 0.009441247614460073,
        "clip_text_image": 0.2750692367553711,
        "dinov2_similarity": 0.39842432737350464
    },
    "KV-EDIT": {
        "hpsv2_score": 0.3312688171863556,
        "aesthetics_score": 4.778228759765625,
        "background_mse": 0.004543827142026251,
        "clip_text_image": 0.2788791358470917,
        "dinov2_similarity": 0.14650797843933105
    },
    "ours": {
        "hpsv2_score": 0.35100120306015015,
        "aesthetics_score": 4.325593948364258,
        "background_mse": 0.00705436594325158,
        "clip_text_image": 0.2848552167415619,
        "dinov2_similarity": 0.3820328116416931
    }
}