{
    "Photoshop": {
        "hpsv2_score": 0.28483349084854126,
        "aesthetics_score": 4.966342926025391,
        "background_mse": 0.0014745689132796393,
        "clip_text_image": 0.22389338910579681,
        "dinov2_similarity": 0.1432715356349945
    },
    "TF-ICON": {
        "hpsv2_score": 0.33617740869522095,
        "aesthetics_score": 5.292588233947754,
        "background_mse": 0.012536457367243391,
        "clip_text_image": 0.25233346223831177,
        "dinov2_similarity": 0.1593257337808609
    },
    "KV-EDIT": {
        "hpsv2_score": 0.13818499445915222,
        "aesthetics_score": 4.078200817108154,
        "background_mse": 0.0036638809673385578,
        "clip_text_image": 0.140339195728302,
        "dinov2_similarity": -0.05310707539319992
    },
    "ours": {
        "hpsv2_score": 0.334306925535202,
        "aesthetics_score": 4.825579643249512,
        "background_mse": 0.006328389362335573,
        "clip_text_image": 0.2798804044723511,
        "dinov2_similarity": 0.15208102762699127
    }
}