{
    "Photoshop": {
        "hpsv2_score": 0.3003719747066498,
        "aesthetics_score": 5.368465423583984,
        "background_mse": 0.0007622087376776275,
        "clip_text_image": 0.32156363129615784,
        "dinov2_similarity": 0.37204450368881226
    },
    "TF-ICON": {
        "hpsv2_score": 0.3491263687610626,
        "aesthetics_score": 5.578631401062012,
        "background_mse": 0.004753152363244255,
        "clip_text_image": 0.30750665068626404,
        "dinov2_similarity": 0.3788745403289795
    },
    "KV-EDIT": {
        "hpsv2_score": 0.3129027783870697,
        "aesthetics_score": 5.284356594085693,
        "background_mse": 0.000279901936865131,
        "clip_text_image": 0.29372939467430115,
        "dinov2_similarity": 0.22941851615905762
    },
    "ours": {
        "hpsv2_score": 0.3315291106700897,
        "aesthetics_score": 5.5531392097473145,
        "background_mse": 0.002110671260520958,
        "clip_text_image": 0.31250929832458496,
        "dinov2_similarity": 0.39874887466430664
    }
}