{
    "Photoshop": {
        "hpsv2_score": 0.3430078327655792,
        "aesthetics_score": 5.666078567504883,
        "background_mse": 0.0006722685743566211,
        "clip_text_image": 0.23877033591270447,
        "dinov2_similarity": 0.11390098929405212
    },
    "TF-ICON": {
        "hpsv2_score": 0.35747599601745605,
        "aesthetics_score": 6.375779151916504,
        "background_mse": 0.005950049243892006,
        "clip_text_image": 0.2664346396923065,
        "dinov2_similarity": 0.13415971398353577
    },
    "KV-EDIT": {
        "hpsv2_score": 0.2872932255268097,
        "aesthetics_score": 5.15046501159668,
        "background_mse": 0.0013481504034098203,
        "clip_text_image": 0.22087126970291138,
        "dinov2_similarity": -0.025557316839694977
    },
    "ours": {
        "hpsv2_score": 0.31439581513404846,
        "aesthetics_score": 6.016539573669434,
        "background_mse": 0.0024812912400027027,
        "clip_text_image": 0.2350071519613266,
        "dinov2_similarity": 0.13087773323059082
    }
}