{
    "Photoshop": {
        "hpsv2_score": 0.2840009331703186,
        "aesthetics_score": 5.028980731964111,
        "background_mse": 0.0015066223396033114,
        "clip_text_image": 0.21704962849617004,
        "dinov2_similarity": 0.14750981330871582
    },
    "TF-ICON": {
        "hpsv2_score": 0.27415788173675537,
        "aesthetics_score": 4.946932315826416,
        "background_mse": 0.00927837263087706,
        "clip_text_image": 0.2124929279088974,
        "dinov2_similarity": 0.16109143197536469
    },
    "KV-EDIT": {
        "hpsv2_score": 0.15287791192531586,
        "aesthetics_score": 4.2699151039123535,
        "background_mse": 0.003746042955216247,
        "clip_text_image": 0.14895841479301453,
        "dinov2_similarity": -0.038758471608161926
    },
    "ours": {
        "hpsv2_score": 0.3234248161315918,
        "aesthetics_score": 4.905849456787109,
        "background_mse": 0.0070243745473531315,
        "clip_text_image": 0.24996472895145416,
        "dinov2_similarity": 0.09593728184700012
    }
}