{
    "Photoshop": {
        "hpsv2_score": 0.3185393810272217,
        "aesthetics_score": 5.675495147705078,
        "background_mse": 0.0007059814008976347,
        "clip_text_image": 0.220468670129776,
        "dinov2_similarity": 0.08325718343257904
    },
    "TF-ICON": {
        "hpsv2_score": 0.3025689721107483,
        "aesthetics_score": 6.441376686096191,
        "background_mse": 0.005587506404868024,
        "clip_text_image": 0.22096717357635498,
        "dinov2_similarity": 0.09411358833312988
    },
    "KV-EDIT": {
        "hpsv2_score": 0.29089802503585815,
        "aesthetics_score": 5.797805309295654,
        "background_mse": 0.0011344045500102271,
        "clip_text_image": 0.1930324286222458,
        "dinov2_similarity": 0.025876900181174278
    },
    "ours": {
        "hpsv2_score": 0.3071926534175873,
        "aesthetics_score": 5.938223361968994,
        "background_mse": 0.0030888947822790627,
        "clip_text_image": 0.2159934788942337,
        "dinov2_similarity": 0.10208731889724731
    }
}