{
    "Photoshop": {
        "hpsv2_score": 0.41904330253601074,
        "aesthetics_score": 5.578632354736328,
        "background_mse": 4.6894124196646364e-05,
        "clip_text_image": 0.3185550272464752,
        "dinov2_similarity": 0.2708674669265747
    },
    "TF-ICON": {
        "hpsv2_score": 0.4214550852775574,
        "aesthetics_score": 6.039450645446777,
        "background_mse": 0.03467214103168379,
        "clip_text_image": 0.32510337233543396,
        "dinov2_similarity": 0.23180365562438965
    },
    "KV-EDIT": {
        "hpsv2_score": 0.2366279810667038,
        "aesthetics_score": 4.719353675842285,
        "background_mse": 0.012038695073329761,
        "clip_text_image": 0.20901983976364136,
        "dinov2_similarity": 0.01970510743558407
    },
    "ours": {
        "hpsv2_score": 0.4276643395423889,
        "aesthetics_score": 5.973541736602783,
        "background_mse": 0.02278264989723129,
        "clip_text_image": 0.3299311399459839,
        "dinov2_similarity": 0.2201111912727356
    }
}