{
    "Photoshop": {
        "hpsv2_score": 0.40610378980636597,
        "aesthetics_score": 5.334140777587891,
        "background_mse": 0.0010856455806908566,
        "clip_text_image": 0.3244590759277344,
        "dinov2_similarity": 0.31058192253112793
    },
    "TF-ICON": {
        "hpsv2_score": 0.4029070734977722,
        "aesthetics_score": 5.697408676147461,
        "background_mse": 0.009275506591793917,
        "clip_text_image": 0.32671672105789185,
        "dinov2_similarity": 0.2521294355392456
    },
    "KV-EDIT": {
        "hpsv2_score": 0.3874213993549347,
        "aesthetics_score": 5.807650566101074,
        "background_mse": 0.00185788436327269,
        "clip_text_image": 0.30489104986190796,
        "dinov2_similarity": 0.18158453702926636
    },
    "ours": {
        "hpsv2_score": 0.4079636335372925,
        "aesthetics_score": 5.7002177238464355,
        "background_mse": 0.004747160736473308,
        "clip_text_image": 0.3336228132247925,
        "dinov2_similarity": 0.2931891083717346
    }
}