{
    "Photoshop": {
        "hpsv2_score": 0.2730492055416107,
        "aesthetics_score": 6.154698371887207,
        "background_mse": 0.0005284938433011858,
        "clip_text_image": 0.21142525970935822,
        "dinov2_similarity": 0.7348384857177734
    },
    "TF-ICON": {
        "hpsv2_score": 0.33016330003738403,
        "aesthetics_score": 5.723435401916504,
        "background_mse": 0.00840041783827375,
        "clip_text_image": 0.2298530787229538,
        "dinov2_similarity": 0.6888378858566284
    },
    "KV-EDIT": {
        "hpsv2_score": 0.2819101810455322,
        "aesthetics_score": 5.8860297203063965,
        "background_mse": 0.0011347379294602165,
        "clip_text_image": 0.21040381491184235,
        "dinov2_similarity": 0.6697945594787598
    },
    "ours": {
        "hpsv2_score": 0.30038273334503174,
        "aesthetics_score": 6.311833381652832,
        "background_mse": 0.004540298619997137,
        "clip_text_image": 0.23273645341396332,
        "dinov2_similarity": 0.7224377393722534
    }
}