{
    "Photoshop": {
        "hpsv2_score": 0.3141809105873108,
        "aesthetics_score": 4.929043292999268,
        "background_mse": 0.0018585945789824161,
        "clip_text_image": 0.271253764629364,
        "dinov2_similarity": 0.02001456543803215
    },
    "TF-ICON": {
        "hpsv2_score": 0.3682052493095398,
        "aesthetics_score": 5.782405376434326,
        "background_mse": 0.009954971155371905,
        "clip_text_image": 0.2730044722557068,
        "dinov2_similarity": 0.01693609729409218
    },
    "KV-EDIT": {
        "hpsv2_score": 0.2923761010169983,
        "aesthetics_score": 5.272761344909668,
        "background_mse": 0.004294399871374323,
        "clip_text_image": 0.28670328855514526,
        "dinov2_similarity": -0.01109885424375534
    },
    "ours": {
        "hpsv2_score": 0.2534991502761841,
        "aesthetics_score": 5.066284656524658,
        "background_mse": 0.008822745721537432,
        "clip_text_image": 0.2050245702266693,
        "dinov2_similarity": -0.0018093027174472809
    }
}