{
    "Photoshop": {
        "hpsv2_score": 0.3009480834007263,
        "aesthetics_score": 5.49614143371582,
        "background_mse": 0.0007717327562895853,
        "clip_text_image": 0.28521913290023804,
        "dinov2_similarity": 0.3242083191871643
    },
    "TF-ICON": {
        "hpsv2_score": 0.310787558555603,
        "aesthetics_score": 5.084268569946289,
        "background_mse": 0.01036877700866765,
        "clip_text_image": 0.2829023599624634,
        "dinov2_similarity": 0.2800602316856384
    },
    "KV-EDIT": {
        "hpsv2_score": 0.25480639934539795,
        "aesthetics_score": 5.40847635269165,
        "background_mse": 0.0008825566406054634,
        "clip_text_image": 0.20754070580005646,
        "dinov2_similarity": 0.21386660635471344
    },
    "ours": {
        "hpsv2_score": 0.32029420137405396,
        "aesthetics_score": 5.434438228607178,
        "background_mse": 0.0035984181906220667,
        "clip_text_image": 0.2842167317867279,
        "dinov2_similarity": 0.32322564721107483
    }
}