{
    "Photoshop": {
        "hpsv2_score": 0.3009480834007263,
        "aesthetics_score": 5.49614143371582,
        "background_mse": 0.0007717327562895853,
        "clip_text_image": 0.28521913290023804,
        "dinov2_similarity": 0.3242083191871643
    },
    "TF-ICON": {
        "hpsv2_score": 0.310787558555603,
        "aesthetics_score": 5.084268569946289,
        "background_mse": 0.01036877700866765,
        "clip_text_image": 0.2829023599624634,
        "dinov2_similarity": 0.2800602316856384
    },
    "KV-EDIT": {
        "hpsv2_score": 0.25480639934539795,
        "aesthetics_score": 5.40847635269165,
        "background_mse": 0.0008825566406054634,
        "clip_text_image": 0.20754070580005646,
        "dinov2_similarity": 0.21386660635471344
    },
    "ours": {
        "hpsv2_score": 0.3296286165714264,
        "aesthetics_score": 5.460076332092285,
        "background_mse": 0.0035090319143158493,
        "clip_text_image": 0.284371554851532,
        "dinov2_similarity": 0.3089417815208435
    }
}