{
    "Photoshop": {
        "hpsv2_score": 0.3037872910499573,
        "aesthetics_score": 5.157445907592773,
        "background_mse": 0.0018537938377330612,
        "clip_text_image": 0.28843212127685547,
        "dinov2_similarity": 0.3093407154083252
    },
    "TF-ICON": {
        "hpsv2_score": 0.37433671951293945,
        "aesthetics_score": 5.780703544616699,
        "background_mse": 0.011460934862371349,
        "clip_text_image": 0.2897733449935913,
        "dinov2_similarity": 0.33686563372612
    },
    "KV-EDIT": {
        "hpsv2_score": 0.3419513702392578,
        "aesthetics_score": 5.680202484130859,
        "background_mse": 0.004647124998923598,
        "clip_text_image": 0.2987765669822693,
        "dinov2_similarity": 0.16818171739578247
    },
    "ours": {
        "hpsv2_score": 0.33177119493484497,
        "aesthetics_score": 5.741679668426514,
        "background_mse": 0.01050574598849928,
        "clip_text_image": 0.2739652991294861,
        "dinov2_similarity": 0.33867454528808594
    }
}