{
    "Photoshop": {
        "hpsv2_score": 0.41687458753585815,
        "aesthetics_score": 4.89957332611084,
        "background_mse": 0.0003348908235127442,
        "clip_text_image": 0.3540914058685303,
        "dinov2_similarity": 0.567211925983429
    },
    "TF-ICON": {
        "hpsv2_score": 0.4394035339355469,
        "aesthetics_score": 5.4649457931518555,
        "background_mse": 0.003071102461014482,
        "clip_text_image": 0.3245050311088562,
        "dinov2_similarity": 0.5521318912506104
    },
    "KV-EDIT": {
        "hpsv2_score": 0.29856011271476746,
        "aesthetics_score": 5.36577844619751,
        "background_mse": 0.0002790920983864151,
        "clip_text_image": 0.2515382766723633,
        "dinov2_similarity": 0.23172980546951294
    },
    "ours": {
        "hpsv2_score": 0.4183329939842224,
        "aesthetics_score": 5.1844072341918945,
        "background_mse": 0.0006724864861577338,
        "clip_text_image": 0.33146679401397705,
        "dinov2_similarity": 0.5031585693359375
    }
}