{
    "Photoshop": {
        "hpsv2_score": 0.255102276802063,
        "aesthetics_score": 4.896065711975098,
        "background_mse": 0.0011292046865134537,
        "clip_text_image": 0.21596825122833252,
        "dinov2_similarity": 0.30909642577171326
    },
    "TF-ICON": {
        "hpsv2_score": 0.2939208745956421,
        "aesthetics_score": 5.6434478759765625,
        "background_mse": 0.006427932353542907,
        "clip_text_image": 0.23866045475006104,
        "dinov2_similarity": 0.27260780334472656
    },
    "KV-EDIT": {
        "hpsv2_score": 0.20211969316005707,
        "aesthetics_score": 5.190055847167969,
        "background_mse": 0.0011435766699950448,
        "clip_text_image": 0.18064957857131958,
        "dinov2_similarity": 0.23807954788208008
    },
    "ours": {
        "hpsv2_score": 0.23038412630558014,
        "aesthetics_score": 5.206948280334473,
        "background_mse": 0.002738516582340355,
        "clip_text_image": 0.2099880427122116,
        "dinov2_similarity": 0.293352872133255
    }
}