{
    "Photoshop": {
        "hpsv2_score": 0.4254648685455322,
        "aesthetics_score": 5.468202590942383,
        "background_mse": 4.5716658422387074e-05,
        "clip_text_image": 0.2538639008998871,
        "dinov2_similarity": 0.13138067722320557
    },
    "TF-ICON": {
        "hpsv2_score": 0.45725250244140625,
        "aesthetics_score": 5.900971412658691,
        "background_mse": 0.03395053989015444,
        "clip_text_image": 0.3172176480293274,
        "dinov2_similarity": 0.10121436417102814
    },
    "KV-EDIT": {
        "hpsv2_score": 0.24732884764671326,
        "aesthetics_score": 4.80240535736084,
        "background_mse": 0.011854871353378442,
        "clip_text_image": 0.20851390063762665,
        "dinov2_similarity": -0.014891106635332108
    },
    "ours": {
        "hpsv2_score": 0.40355515480041504,
        "aesthetics_score": 5.808985710144043,
        "background_mse": 0.023028278159364847,
        "clip_text_image": 0.2830517292022705,
        "dinov2_similarity": 0.09261956065893173
    }
}