{
    "Photoshop": {
        "hpsv2_score": 0.32505083084106445,
        "aesthetics_score": 5.3223652839660645,
        "background_mse": 0.0006818888231440697,
        "clip_text_image": 0.211848646402359,
        "dinov2_similarity": 0.17851977050304413
    },
    "TF-ICON": {
        "hpsv2_score": 0.3218678832054138,
        "aesthetics_score": 6.51408052444458,
        "background_mse": 0.00608685116650551,
        "clip_text_image": 0.2370382845401764,
        "dinov2_similarity": 0.16522136330604553
    },
    "KV-EDIT": {
        "hpsv2_score": 0.3070127069950104,
        "aesthetics_score": 6.074909687042236,
        "background_mse": 0.0011971548681003758,
        "clip_text_image": 0.2138696163892746,
        "dinov2_similarity": 0.10179254412651062
    },
    "ours": {
        "hpsv2_score": 0.2875308096408844,
        "aesthetics_score": 6.047502040863037,
        "background_mse": 0.002419877949101727,
        "clip_text_image": 0.19997861981391907,
        "dinov2_similarity": 0.1706467866897583
    }
}