{
    "Photoshop": {
        "hpsv2_score": 0.3897469937801361,
        "aesthetics_score": 5.270934104919434,
        "background_mse": 4.4421214657151226e-05,
        "clip_text_image": 0.3022839426994324,
        "dinov2_similarity": 0.1239720955491066
    },
    "TF-ICON": {
        "hpsv2_score": 0.39238858222961426,
        "aesthetics_score": 6.041250705718994,
        "background_mse": 0.03487485937592903,
        "clip_text_image": 0.3318648636341095,
        "dinov2_similarity": 0.13436979055404663
    },
    "KV-EDIT": {
        "hpsv2_score": 0.22138309478759766,
        "aesthetics_score": 4.908664703369141,
        "background_mse": 0.012332695940699098,
        "clip_text_image": 0.18253448605537415,
        "dinov2_similarity": -0.04722203314304352
    },
    "ours": {
        "hpsv2_score": 0.3912709653377533,
        "aesthetics_score": 6.035482406616211,
        "background_mse": 0.023990624702296858,
        "clip_text_image": 0.27579763531684875,
        "dinov2_similarity": 0.04822885990142822
    }
}