{
    "Photoshop": {
        "hpsv2_score": 0.32283273339271545,
        "aesthetics_score": 4.658995628356934,
        "background_mse": 0.0006868201973244558,
        "clip_text_image": 0.2452332079410553,
        "dinov2_similarity": 0.7024334073066711
    },
    "TF-ICON": {
        "hpsv2_score": 0.36630672216415405,
        "aesthetics_score": 5.701074600219727,
        "background_mse": 0.008745862647795803,
        "clip_text_image": 0.26435521245002747,
        "dinov2_similarity": 0.6371647119522095
    },
    "KV-EDIT": {
        "hpsv2_score": 0.2477152943611145,
        "aesthetics_score": 5.102179527282715,
        "background_mse": 0.0008956296073760502,
        "clip_text_image": 0.21412932872772217,
        "dinov2_similarity": 0.36860865354537964
    },
    "ours": {
        "hpsv2_score": 0.3324356973171234,
        "aesthetics_score": 4.713956832885742,
        "background_mse": 0.0032089132348542366,
        "clip_text_image": 0.2605398893356323,
        "dinov2_similarity": 0.5248693227767944
    }
}