{
    "Photoshop": {
        "hpsv2_score": 0.18369126319885254,
        "aesthetics_score": 4.928777694702148,
        "background_mse": 0.000970272726911839,
        "clip_text_image": 0.15072399377822876,
        "dinov2_similarity": 0.3591378629207611
    },
    "TF-ICON": {
        "hpsv2_score": 0.22526220977306366,
        "aesthetics_score": 5.407473087310791,
        "background_mse": 0.009111812374431101,
        "clip_text_image": 0.1837911456823349,
        "dinov2_similarity": 0.4585381746292114
    },
    "KV-EDIT": {
        "hpsv2_score": 0.16352179646492004,
        "aesthetics_score": 5.552258491516113,
        "background_mse": 0.001992324541929377,
        "clip_text_image": 0.14987003803253174,
        "dinov2_similarity": 0.2061888575553894
    },
    "ours": {
        "hpsv2_score": 0.22595743834972382,
        "aesthetics_score": 5.205751419067383,
        "background_mse": 0.0038536440284917435,
        "clip_text_image": 0.19214937090873718,
        "dinov2_similarity": 0.3651196360588074
    }
}