{
    "Photoshop": {
        "hpsv2_score": 0.303982675075531,
        "aesthetics_score": 4.709292411804199,
        "background_mse": 0.001564378434643238,
        "clip_text_image": 0.27123919129371643,
        "dinov2_similarity": 0.4177941083908081
    },
    "TF-ICON": {
        "hpsv2_score": 0.28284889459609985,
        "aesthetics_score": 4.994488716125488,
        "background_mse": 0.009249252651151582,
        "clip_text_image": 0.2562873661518097,
        "dinov2_similarity": 0.3929652273654938
    },
    "KV-EDIT": {
        "hpsv2_score": 0.30517804622650146,
        "aesthetics_score": 4.7736005783081055,
        "background_mse": 0.004080197552270529,
        "clip_text_image": 0.24580830335617065,
        "dinov2_similarity": 0.2597745954990387
    },
    "ours": {
        "hpsv2_score": 0.3206319510936737,
        "aesthetics_score": 4.319711685180664,
        "background_mse": 0.00664111722115198,
        "clip_text_image": 0.27524635195732117,
        "dinov2_similarity": 0.4026489853858948
    }
}