{
    "Photoshop": {
        "hpsv2_score": 0.3070092797279358,
        "aesthetics_score": 5.299238204956055,
        "background_mse": 0.0017877677458616249,
        "clip_text_image": 0.25981417298316956,
        "dinov2_similarity": 0.38410916924476624
    },
    "TF-ICON": {
        "hpsv2_score": 0.33484774827957153,
        "aesthetics_score": 5.512120246887207,
        "background_mse": 0.010504104203520317,
        "clip_text_image": 0.2823886275291443,
        "dinov2_similarity": 0.31753093004226685
    },
    "KV-EDIT": {
        "hpsv2_score": 0.2881386876106262,
        "aesthetics_score": 5.175090789794922,
        "background_mse": 0.004066926708516199,
        "clip_text_image": 0.26671868562698364,
        "dinov2_similarity": 0.28454577922821045
    },
    "ours": {
        "hpsv2_score": 0.32058942317962646,
        "aesthetics_score": 5.47340726852417,
        "background_mse": 0.008094498298246208,
        "clip_text_image": 0.29420006275177,
        "dinov2_similarity": 0.24095022678375244
    }
}