{
    "Photoshop": {
        "hpsv2_score": 0.2500954568386078,
        "aesthetics_score": 4.900591850280762,
        "background_mse": 0.0019372563024427452,
        "clip_text_image": 0.22573573887348175,
        "dinov2_similarity": 0.07677390426397324
    },
    "TF-ICON": {
        "hpsv2_score": 0.3181231915950775,
        "aesthetics_score": 5.403017520904541,
        "background_mse": 0.009595511732360494,
        "clip_text_image": 0.2892940640449524,
        "dinov2_similarity": 0.14175204932689667
    },
    "KV-EDIT": {
        "hpsv2_score": 0.29129964113235474,
        "aesthetics_score": 5.2097015380859375,
        "background_mse": 0.0045771451779271,
        "clip_text_image": 0.26830875873565674,
        "dinov2_similarity": 0.11092372238636017
    },
    "ours": {
        "hpsv2_score": 0.29267093539237976,
        "aesthetics_score": 5.227823734283447,
        "background_mse": 0.008550978425010538,
        "clip_text_image": 0.267794132232666,
        "dinov2_similarity": 0.1744411587715149
    }
}