{
    "Photoshop": {
        "hpsv2_score": 0.29103854298591614,
        "aesthetics_score": 5.250707626342773,
        "background_mse": 0.0007023691517275327,
        "clip_text_image": 0.29450786113739014,
        "dinov2_similarity": 0.34575748443603516
    },
    "TF-ICON": {
        "hpsv2_score": 0.3427317142486572,
        "aesthetics_score": 5.673177242279053,
        "background_mse": 0.0044908102940817065,
        "clip_text_image": 0.3228193521499634,
        "dinov2_similarity": 0.25022798776626587
    },
    "KV-EDIT": {
        "hpsv2_score": 0.3177694082260132,
        "aesthetics_score": 5.243899822235107,
        "background_mse": 0.00028438313177661873,
        "clip_text_image": 0.29897695779800415,
        "dinov2_similarity": 0.20010146498680115
    },
    "ours": {
        "hpsv2_score": 0.3405107259750366,
        "aesthetics_score": 5.589776039123535,
        "background_mse": 0.0007541930903810034,
        "clip_text_image": 0.30850011110305786,
        "dinov2_similarity": 0.3021463453769684
    }
}