{
    "Photoshop": {
        "hpsv2_score": 0.24321797490119934,
        "aesthetics_score": 5.50556755065918,
        "background_mse": 0.0006080761055130361,
        "clip_text_image": 0.1992958039045334,
        "dinov2_similarity": 0.14246660470962524
    },
    "TF-ICON": {
        "hpsv2_score": 0.29153120517730713,
        "aesthetics_score": 5.500288963317871,
        "background_mse": 0.0035003409116956636,
        "clip_text_image": 0.2254895567893982,
        "dinov2_similarity": 0.1560707688331604
    },
    "KV-EDIT": {
        "hpsv2_score": 0.2628231346607208,
        "aesthetics_score": 5.314896583557129,
        "background_mse": 0.0008560405616636658,
        "clip_text_image": 0.22519151866436005,
        "dinov2_similarity": 0.09654821455478668
    },
    "ours": {
        "hpsv2_score": 0.27156588435173035,
        "aesthetics_score": 5.526557922363281,
        "background_mse": 0.0017869244535615003,
        "clip_text_image": 0.21554020047187805,
        "dinov2_similarity": 0.1460580825805664
    }
}