{
    "Photoshop": {
        "hpsv2_score": 0.37450581789016724,
        "aesthetics_score": 5.191781044006348,
        "background_mse": 0.00037309034550937504,
        "clip_text_image": 0.3828856945037842,
        "dinov2_similarity": 0.4234286844730377
    },
    "TF-ICON": {
        "hpsv2_score": 0.43970197439193726,
        "aesthetics_score": 6.191974639892578,
        "background_mse": 0.0032742621281889725,
        "clip_text_image": 0.39259183406829834,
        "dinov2_similarity": 0.4197036027908325
    },
    "KV-EDIT": {
        "hpsv2_score": 0.3882938027381897,
        "aesthetics_score": 5.332547187805176,
        "background_mse": 0.0003112374714698761,
        "clip_text_image": 0.3798350691795349,
        "dinov2_similarity": 0.33036816120147705
    },
    "ours": {
        "hpsv2_score": 0.4119674563407898,
        "aesthetics_score": 5.472179889678955,
        "background_mse": 0.00127971932815363,
        "clip_text_image": 0.39777228236198425,
        "dinov2_similarity": 0.40508800745010376
    }
}