{
    "Photoshop": {
        "hpsv2_score": 0.2556576132774353,
        "aesthetics_score": 5.601910591125488,
        "background_mse": 0.0002770246606437306,
        "clip_text_image": 0.23289188742637634,
        "dinov2_similarity": 0.3873583972454071
    },
    "TF-ICON": {
        "hpsv2_score": 0.2542654871940613,
        "aesthetics_score": 5.815395355224609,
        "background_mse": 0.002140030327168074,
        "clip_text_image": 0.23792119324207306,
        "dinov2_similarity": 0.35441869497299194
    },
    "KV-EDIT": {
        "hpsv2_score": 0.3113563656806946,
        "aesthetics_score": 5.180126190185547,
        "background_mse": 0.00028933710153104494,
        "clip_text_image": 0.2593602240085602,
        "dinov2_similarity": 0.287533164024353
    },
    "ours": {
        "hpsv2_score": 0.2720080018043518,
        "aesthetics_score": 5.927000045776367,
        "background_mse": 0.0008395179293977295,
        "clip_text_image": 0.24481481313705444,
        "dinov2_similarity": 0.3722805380821228
    }
}