{
    "Photoshop": {
        "hpsv2_score": 0.3232969343662262,
        "aesthetics_score": 5.227399826049805,
        "background_mse": 0.0018062533955878716,
        "clip_text_image": 0.27512574195861816,
        "dinov2_similarity": 0.4341679513454437
    },
    "TF-ICON": {
        "hpsv2_score": 0.32973384857177734,
        "aesthetics_score": 5.73753023147583,
        "background_mse": 0.010750356189140484,
        "clip_text_image": 0.25382569432258606,
        "dinov2_similarity": 0.5203534364700317
    },
    "KV-EDIT": {
        "hpsv2_score": 0.32812047004699707,
        "aesthetics_score": 5.249638557434082,
        "background_mse": 0.004292207622794654,
        "clip_text_image": 0.2759762108325958,
        "dinov2_similarity": 0.4322885274887085
    },
    "ours": {
        "hpsv2_score": 0.31465908885002136,
        "aesthetics_score": 5.434626579284668,
        "background_mse": 0.00798627270161705,
        "clip_text_image": 0.2545163631439209,
        "dinov2_similarity": 0.45495930314064026
    }
}