{
    "Photoshop": {
        "hpsv2_score": 0.35376620292663574,
        "aesthetics_score": 4.841821193695068,
        "background_mse": 0.0003745507780172106,
        "clip_text_image": 0.3790152072906494,
        "dinov2_similarity": 0.469115674495697
    },
    "TF-ICON": {
        "hpsv2_score": 0.3444821834564209,
        "aesthetics_score": 5.674111366271973,
        "background_mse": 0.0021361575798616436,
        "clip_text_image": 0.3379882872104645,
        "dinov2_similarity": 0.30718833208084106
    },
    "KV-EDIT": {
        "hpsv2_score": 0.331053763628006,
        "aesthetics_score": 5.384685039520264,
        "background_mse": 0.00028974618881522535,
        "clip_text_image": 0.3036080300807953,
        "dinov2_similarity": 0.24129800498485565
    },
    "ours": {
        "hpsv2_score": 0.37978801131248474,
        "aesthetics_score": 5.446441650390625,
        "background_mse": 0.0006221232549684472,
        "clip_text_image": 0.3336776793003082,
        "dinov2_similarity": 0.4216574430465698
    }
}