{
    "Photoshop": {
        "hpsv2_score": 0.28856173157691956,
        "aesthetics_score": 6.120790004730225,
        "background_mse": 0.0006921796929288813,
        "clip_text_image": 0.23065608739852905,
        "dinov2_similarity": 0.4500480890274048
    },
    "TF-ICON": {
        "hpsv2_score": 0.2928733825683594,
        "aesthetics_score": 6.367715358734131,
        "background_mse": 0.010725598109323426,
        "clip_text_image": 0.256081759929657,
        "dinov2_similarity": 0.44687503576278687
    },
    "KV-EDIT": {
        "hpsv2_score": 0.25354573130607605,
        "aesthetics_score": 6.2418212890625,
        "background_mse": 0.0005537854940874938,
        "clip_text_image": 0.24390842020511627,
        "dinov2_similarity": 0.3874225616455078
    },
    "ours": {
        "hpsv2_score": 0.27946266531944275,
        "aesthetics_score": 6.295931339263916,
        "background_mse": 0.0021920129963152253,
        "clip_text_image": 0.2526426911354065,
        "dinov2_similarity": 0.42779648303985596
    }
}