{
    "Photoshop": {
        "hpsv2_score": 0.19945105910301208,
        "aesthetics_score": 4.6477580070495605,
        "background_mse": 0.0006764343230536324,
        "clip_text_image": 0.23721425235271454,
        "dinov2_similarity": 0.4526941180229187
    },
    "TF-ICON": {
        "hpsv2_score": 0.2551896870136261,
        "aesthetics_score": 5.8152008056640625,
        "background_mse": 0.005526918540921207,
        "clip_text_image": 0.21247653663158417,
        "dinov2_similarity": 0.4385279715061188
    },
    "KV-EDIT": {
        "hpsv2_score": 0.22592583298683167,
        "aesthetics_score": 4.949765682220459,
        "background_mse": 0.0006775399663877499,
        "clip_text_image": 0.2233867198228836,
        "dinov2_similarity": 0.41147011518478394
    },
    "ours": {
        "hpsv2_score": 0.22755199670791626,
        "aesthetics_score": 5.13062858581543,
        "background_mse": 0.0016632331779899603,
        "clip_text_image": 0.18707869946956635,
        "dinov2_similarity": 0.4341731071472168
    }
}