{
    "Photoshop": {
        "hpsv2_score": 0.2006421983242035,
        "aesthetics_score": 4.911680221557617,
        "background_mse": 0.000985838978687149,
        "clip_text_image": 0.17684534192085266,
        "dinov2_similarity": 0.3694520890712738
    },
    "TF-ICON": {
        "hpsv2_score": 0.2040843665599823,
        "aesthetics_score": 5.390361785888672,
        "background_mse": 0.019540797673525786,
        "clip_text_image": 0.18032847344875336,
        "dinov2_similarity": 0.35538047552108765
    },
    "KV-EDIT": {
        "hpsv2_score": 0.2049657702445984,
        "aesthetics_score": 5.125766754150391,
        "background_mse": 0.002022113972026908,
        "clip_text_image": 0.21368907392024994,
        "dinov2_similarity": 0.27344927191734314
    },
    "ours": {
        "hpsv2_score": 0.22364597022533417,
        "aesthetics_score": 5.320666313171387,
        "background_mse": 0.0038486702154323666,
        "clip_text_image": 0.1966870278120041,
        "dinov2_similarity": 0.32259249687194824
    }
}