{
    "Photoshop": {
        "hpsv2_score": 0.2854025065898895,
        "aesthetics_score": 4.947465419769287,
        "background_mse": 0.0003452699899583951,
        "clip_text_image": 0.3070841431617737,
        "dinov2_similarity": 0.7352436780929565
    },
    "TF-ICON": {
        "hpsv2_score": 0.3226138949394226,
        "aesthetics_score": 5.205039978027344,
        "background_mse": 0.003086697745505729,
        "clip_text_image": 0.2656610310077667,
        "dinov2_similarity": 0.6871625781059265
    },
    "KV-EDIT": {
        "hpsv2_score": 0.2795284688472748,
        "aesthetics_score": 4.56459379196167,
        "background_mse": 0.0002866768962138346,
        "clip_text_image": 0.32342082262039185,
        "dinov2_similarity": 0.4592764973640442
    },
    "ours": {
        "hpsv2_score": 0.3347410559654236,
        "aesthetics_score": 5.790225028991699,
        "background_mse": 0.00264924899227987,
        "clip_text_image": 0.26144325733184814,
        "dinov2_similarity": 0.5156480073928833
    }
}