{
    "Photoshop": {
        "hpsv2_score": 0.1125701442360878,
        "aesthetics_score": 4.287643909454346,
        "background_mse": 0.001462329374254129,
        "clip_text_image": 0.18115420639514923,
        "dinov2_similarity": 0.014950975775718689
    },
    "TF-ICON": {
        "hpsv2_score": 0.24202623963356018,
        "aesthetics_score": 4.71638822555542,
        "background_mse": 0.008548184435905947,
        "clip_text_image": 0.20447389781475067,
        "dinov2_similarity": 0.0644473060965538
    },
    "KV-EDIT": {
        "hpsv2_score": 0.09320573508739471,
        "aesthetics_score": 4.272802829742432,
        "background_mse": 0.0035481206136395685,
        "clip_text_image": 0.13540272414684296,
        "dinov2_similarity": -0.018756240606307983
    },
    "ours": {
        "hpsv2_score": 0.27192068099975586,
        "aesthetics_score": 4.4541192054748535,
        "background_mse": 0.006312737917899667,
        "clip_text_image": 0.26045700907707214,
        "dinov2_similarity": 0.09330807626247406
    }
}