{
    "Photoshop": {
        "hpsv2_score": 0.37809816002845764,
        "aesthetics_score": 5.412833213806152,
        "background_mse": 0.0010852493236629625,
        "clip_text_image": 0.33016279339790344,
        "dinov2_similarity": 0.21494755148887634
    },
    "TF-ICON": {
        "hpsv2_score": 0.3838760256767273,
        "aesthetics_score": 5.868196964263916,
        "background_mse": 0.009623811963868354,
        "clip_text_image": 0.33201664686203003,
        "dinov2_similarity": 0.1970783919095993
    },
    "KV-EDIT": {
        "hpsv2_score": 0.3581884503364563,
        "aesthetics_score": 5.70654296875,
        "background_mse": 0.0018452545869311221,
        "clip_text_image": 0.3146589398384094,
        "dinov2_similarity": 0.156552255153656
    },
    "ours": {
        "hpsv2_score": 0.36807236075401306,
        "aesthetics_score": 6.095276355743408,
        "background_mse": 0.004780026652502914,
        "clip_text_image": 0.3149266541004181,
        "dinov2_similarity": 0.20978868007659912
    }
}