{
    "Photoshop": {
        "hpsv2_score": 0.3875454366207123,
        "aesthetics_score": 4.974294662475586,
        "background_mse": 0.00175200735662477,
        "clip_text_image": 0.33180126547813416,
        "dinov2_similarity": 0.2977484166622162
    },
    "TF-ICON": {
        "hpsv2_score": 0.4038039445877075,
        "aesthetics_score": 5.620213985443115,
        "background_mse": 0.013499236395355902,
        "clip_text_image": 0.32234007120132446,
        "dinov2_similarity": 0.267686665058136
    },
    "KV-EDIT": {
        "hpsv2_score": 0.3889766335487366,
        "aesthetics_score": 5.517049789428711,
        "background_mse": 0.005005208070217652,
        "clip_text_image": 0.3140597641468048,
        "dinov2_similarity": 0.1748719960451126
    },
    "ours": {
        "hpsv2_score": 0.3736829459667206,
        "aesthetics_score": 5.6313934326171875,
        "background_mse": 0.009138309196540349,
        "clip_text_image": 0.330047607421875,
        "dinov2_similarity": 0.331380158662796
    }
}