{
    "Photoshop": {
        "hpsv2_score": 0.29345881938934326,
        "aesthetics_score": 5.39432430267334,
        "background_mse": 0.0007719102868824694,
        "clip_text_image": 0.31299540400505066,
        "dinov2_similarity": 0.24546608328819275
    },
    "TF-ICON": {
        "hpsv2_score": 0.26828324794769287,
        "aesthetics_score": 5.36934757232666,
        "background_mse": 0.030734811333886624,
        "clip_text_image": 0.2929779589176178,
        "dinov2_similarity": 0.2709241509437561
    },
    "KV-EDIT": {
        "hpsv2_score": 0.29600048065185547,
        "aesthetics_score": 5.4758710861206055,
        "background_mse": 0.0008850420012865162,
        "clip_text_image": 0.28392380475997925,
        "dinov2_similarity": 0.16917157173156738
    },
    "ours": {
        "hpsv2_score": 0.29335257411003113,
        "aesthetics_score": 5.3533935546875,
        "background_mse": 0.003627675881444938,
        "clip_text_image": 0.2854592502117157,
        "dinov2_similarity": 0.24015212059020996
    }
}