{
    "Photoshop": {
        "hpsv2_score": 0.25028327107429504,
        "aesthetics_score": 5.629283428192139,
        "background_mse": 0.0007025966152605274,
        "clip_text_image": 0.1927715688943863,
        "dinov2_similarity": 0.13297908008098602
    },
    "TF-ICON": {
        "hpsv2_score": 0.27814602851867676,
        "aesthetics_score": 6.423328876495361,
        "background_mse": 0.006351772795411436,
        "clip_text_image": 0.23851707577705383,
        "dinov2_similarity": 0.13974714279174805
    },
    "KV-EDIT": {
        "hpsv2_score": 0.26560044288635254,
        "aesthetics_score": 6.052809715270996,
        "background_mse": 0.0014196108112043838,
        "clip_text_image": 0.22009646892547607,
        "dinov2_similarity": 0.08218755573034286
    },
    "ours": {
        "hpsv2_score": 0.30311739444732666,
        "aesthetics_score": 6.003283500671387,
        "background_mse": 0.0031050360881331894,
        "clip_text_image": 0.26973089575767517,
        "dinov2_similarity": 0.08649089187383652
    }
}