{
    "Photoshop": {
        "hpsv2_score": 0.24181872606277466,
        "aesthetics_score": 4.817172527313232,
        "background_mse": 0.0014874450644282585,
        "clip_text_image": 0.20112363994121552,
        "dinov2_similarity": 0.2707948684692383
    },
    "TF-ICON": {
        "hpsv2_score": 0.2654231786727905,
        "aesthetics_score": 5.0010576248168945,
        "background_mse": 0.009138104067454855,
        "clip_text_image": 0.19644814729690552,
        "dinov2_similarity": 0.20606309175491333
    },
    "KV-EDIT": {
        "hpsv2_score": 0.13693958520889282,
        "aesthetics_score": 4.3044328689575195,
        "background_mse": 0.0036456390464476725,
        "clip_text_image": 0.127805694937706,
        "dinov2_similarity": 0.048241984099149704
    },
    "ours": {
        "hpsv2_score": 0.29400378465652466,
        "aesthetics_score": 4.882192134857178,
        "background_mse": 0.006687482895565793,
        "clip_text_image": 0.23002316057682037,
        "dinov2_similarity": 0.1938527375459671
    }
}