{
    "Photoshop": {
        "hpsv2_score": 0.3638496398925781,
        "aesthetics_score": 5.837070465087891,
        "background_mse": 0.0006658104386505108,
        "clip_text_image": 0.2721012234687805,
        "dinov2_similarity": 0.19987942278385162
    },
    "TF-ICON": {
        "hpsv2_score": 0.3946138918399811,
        "aesthetics_score": 6.424383163452148,
        "background_mse": 0.005755227623705115,
        "clip_text_image": 0.27856767177581787,
        "dinov2_similarity": 0.22354601323604584
    },
    "KV-EDIT": {
        "hpsv2_score": 0.19315311312675476,
        "aesthetics_score": 5.374014854431152,
        "background_mse": 0.0012149946385949365,
        "clip_text_image": 0.1536877602338791,
        "dinov2_similarity": -0.033743035048246384
    },
    "ours": {
        "hpsv2_score": 0.3808489441871643,
        "aesthetics_score": 6.005959510803223,
        "background_mse": 0.0023122417697846766,
        "clip_text_image": 0.2805350422859192,
        "dinov2_similarity": 0.2111557275056839
    }
}