{
    "Photoshop": {
        "hpsv2_score": 0.4123276472091675,
        "aesthetics_score": 5.554941654205322,
        "background_mse": 0.0031844144199622624,
        "clip_text_image": 0.37168362736701965,
        "dinov2_similarity": 0.19749203324317932
    },
    "TF-ICON": {
        "hpsv2_score": 0.42731180787086487,
        "aesthetics_score": 5.9133830070495605,
        "background_mse": 0.01297401485779443,
        "clip_text_image": 0.3402211368083954,
        "dinov2_similarity": 0.19915160536766052
    },
    "KV-EDIT": {
        "hpsv2_score": 0.42616182565689087,
        "aesthetics_score": 4.910000801086426,
        "background_mse": 0.0013391045637526182,
        "clip_text_image": 0.2649213671684265,
        "dinov2_similarity": 0.0006882492452859879
    },
    "ours": {
        "hpsv2_score": 0.41144859790802,
        "aesthetics_score": 5.480902671813965,
        "background_mse": 0.0032075999371752365,
        "clip_text_image": 0.3518967628479004,
        "dinov2_similarity": 0.13761800527572632
    }
}