{
    "Photoshop": {
        "hpsv2_score": 0.390608012676239,
        "aesthetics_score": 5.457413196563721,
        "background_mse": 0.0006644594474882458,
        "clip_text_image": 0.279826283454895,
        "dinov2_similarity": 0.24100741744041443
    },
    "TF-ICON": {
        "hpsv2_score": 0.4003376364707947,
        "aesthetics_score": 6.2809858322143555,
        "background_mse": 0.006047138007931508,
        "clip_text_image": 0.2965239882469177,
        "dinov2_similarity": 0.2294769585132599
    },
    "KV-EDIT": {
        "hpsv2_score": 0.14918099343776703,
        "aesthetics_score": 5.856465816497803,
        "background_mse": 0.0014172757286564795,
        "clip_text_image": 0.13293808698654175,
        "dinov2_similarity": -0.06618572026491165
    },
    "ours": {
        "hpsv2_score": 0.3816942870616913,
        "aesthetics_score": 6.23883056640625,
        "background_mse": 0.002432976549495789,
        "clip_text_image": 0.2686556875705719,
        "dinov2_similarity": 0.2279576063156128
    }
}