{
    "Photoshop": {
        "hpsv2_score": 0.22409042716026306,
        "aesthetics_score": 5.005858421325684,
        "background_mse": 0.000799672643951623,
        "clip_text_image": 0.1880834847688675,
        "dinov2_similarity": 0.3472997844219208
    },
    "TF-ICON": {
        "hpsv2_score": 0.23132139444351196,
        "aesthetics_score": 5.148240089416504,
        "background_mse": 0.005661330686853872,
        "clip_text_image": 0.19259236752986908,
        "dinov2_similarity": 0.3321003317832947
    },
    "KV-EDIT": {
        "hpsv2_score": 0.2503269910812378,
        "aesthetics_score": 4.650300979614258,
        "background_mse": 0.0017238104869939583,
        "clip_text_image": 0.2172004133462906,
        "dinov2_similarity": 0.2038927972316742
    },
    "ours": {
        "hpsv2_score": 0.23163968324661255,
        "aesthetics_score": 5.288450717926025,
        "background_mse": 0.003457835660663145,
        "clip_text_image": 0.19502007961273193,
        "dinov2_similarity": 0.34646075963974
    }
}