{
    "Photoshop": {
        "hpsv2_score": 0.33717095851898193,
        "aesthetics_score": 5.434131145477295,
        "background_mse": 0.0007069857323838788,
        "clip_text_image": 0.274629682302475,
        "dinov2_similarity": 0.17220981419086456
    },
    "TF-ICON": {
        "hpsv2_score": 0.3550955355167389,
        "aesthetics_score": 5.934507846832275,
        "background_mse": 0.005817556671230615,
        "clip_text_image": 0.2809726595878601,
        "dinov2_similarity": 0.18961451947689056
    },
    "KV-EDIT": {
        "hpsv2_score": 0.32458066940307617,
        "aesthetics_score": 5.148836612701416,
        "background_mse": 0.0015501012610338867,
        "clip_text_image": 0.2727193236351013,
        "dinov2_similarity": 0.10733531415462494
    },
    "ours": {
        "hpsv2_score": 0.3601973056793213,
        "aesthetics_score": 5.456127643585205,
        "background_mse": 0.0025137679327379746,
        "clip_text_image": 0.264958918094635,
        "dinov2_similarity": 0.16584274172782898
    }
}