{
    "Photoshop": {
        "hpsv2_score": 0.3250964283943176,
        "aesthetics_score": 5.250185966491699,
        "background_mse": 0.0005859165514977625,
        "clip_text_image": 0.2446792870759964,
        "dinov2_similarity": 0.39427703619003296
    },
    "TF-ICON": {
        "hpsv2_score": 0.3541831374168396,
        "aesthetics_score": 5.471841812133789,
        "background_mse": 0.006144039972181371,
        "clip_text_image": 0.2654491662979126,
        "dinov2_similarity": 0.44927793741226196
    },
    "KV-EDIT": {
        "hpsv2_score": 0.29200586676597595,
        "aesthetics_score": 5.46613073348999,
        "background_mse": 0.00192642075194493,
        "clip_text_image": 0.259886771440506,
        "dinov2_similarity": 0.3555629253387451
    },
    "ours": {
        "hpsv2_score": 0.3430301547050476,
        "aesthetics_score": 5.383623123168945,
        "background_mse": 0.004766852080554275,
        "clip_text_image": 0.25531214475631714,
        "dinov2_similarity": 0.42092475295066833
    }
}