{
    "Photoshop": {
        "hpsv2_score": 0.31940239667892456,
        "aesthetics_score": 5.028663158416748,
        "background_mse": 0.0018996308418869187,
        "clip_text_image": 0.2486235797405243,
        "dinov2_similarity": 0.0879145935177803
    },
    "TF-ICON": {
        "hpsv2_score": 0.30320313572883606,
        "aesthetics_score": 5.337682723999023,
        "background_mse": 0.008688185679376284,
        "clip_text_image": 0.24166809022426605,
        "dinov2_similarity": 0.060918133705854416
    },
    "KV-EDIT": {
        "hpsv2_score": 0.08979425579309464,
        "aesthetics_score": 4.577427387237549,
        "background_mse": 0.004293893728171485,
        "clip_text_image": 0.17480799555778503,
        "dinov2_similarity": 0.02616298943758011
    },
    "ours": {
        "hpsv2_score": 0.2629091143608093,
        "aesthetics_score": 4.968808650970459,
        "background_mse": 0.008239686908041366,
        "clip_text_image": 0.22961194813251495,
        "dinov2_similarity": 0.08296629786491394
    }
}