{
    "Photoshop": {
        "hpsv2_score": 0.3541662395000458,
        "aesthetics_score": 5.229475498199463,
        "background_mse": 0.0004958239548030676,
        "clip_text_image": 0.32924264669418335,
        "dinov2_similarity": 0.2789474427700043
    },
    "TF-ICON": {
        "hpsv2_score": 0.32519227266311646,
        "aesthetics_score": 5.294817924499512,
        "background_mse": 0.0037730109840275502,
        "clip_text_image": 0.30182966589927673,
        "dinov2_similarity": 0.1369917094707489
    },
    "KV-EDIT": {
        "hpsv2_score": 0.3092828392982483,
        "aesthetics_score": 5.342278003692627,
        "background_mse": 0.000741335730767921,
        "clip_text_image": 0.349078506231308,
        "dinov2_similarity": 0.16411232948303223
    },
    "ours": {
        "hpsv2_score": 0.3537106513977051,
        "aesthetics_score": 5.148645877838135,
        "background_mse": 0.002107604859632169,
        "clip_text_image": 0.303801029920578,
        "dinov2_similarity": 0.26344865560531616
    }
}