{
    "Photoshop": {
        "hpsv2_score": 0.40998199582099915,
        "aesthetics_score": 5.303398132324219,
        "background_mse": 0.003150450082842433,
        "clip_text_image": 0.3382378816604614,
        "dinov2_similarity": 0.45161205530166626
    },
    "TF-ICON": {
        "hpsv2_score": 0.41326600313186646,
        "aesthetics_score": 6.143063068389893,
        "background_mse": 0.010970485392480158,
        "clip_text_image": 0.34613919258117676,
        "dinov2_similarity": 0.35807913541793823
    },
    "KV-EDIT": {
        "hpsv2_score": 0.4023193418979645,
        "aesthetics_score": 6.079013824462891,
        "background_mse": 0.0005512115874077393,
        "clip_text_image": 0.32589247822761536,
        "dinov2_similarity": 0.3503553569316864
    },
    "ours": {
        "hpsv2_score": 0.4179615378379822,
        "aesthetics_score": 6.014947891235352,
        "background_mse": 0.0025368181760477408,
        "clip_text_image": 0.34014734625816345,
        "dinov2_similarity": 0.3888368606567383
    }
}