{
    "Photoshop": {
        "hpsv2_score": 0.3547043204307556,
        "aesthetics_score": 5.298652172088623,
        "background_mse": 0.00034550642895017793,
        "clip_text_image": 0.30849942564964294,
        "dinov2_similarity": 0.7372415065765381
    },
    "TF-ICON": {
        "hpsv2_score": 0.3887014091014862,
        "aesthetics_score": 5.773463249206543,
        "background_mse": 0.0035155792516878316,
        "clip_text_image": 0.3201383948326111,
        "dinov2_similarity": 0.755854606628418
    },
    "KV-EDIT": {
        "hpsv2_score": 0.30225715041160583,
        "aesthetics_score": 5.1646728515625,
        "background_mse": 0.0009709413073454363,
        "clip_text_image": 0.2673141360282898,
        "dinov2_similarity": 0.3155554533004761
    },
    "ours": {
        "hpsv2_score": 0.3670138418674469,
        "aesthetics_score": 5.620946884155273,
        "background_mse": 0.001537319554478018,
        "clip_text_image": 0.31684038043022156,
        "dinov2_similarity": 0.7366431355476379
    }
}