{
    "Photoshop": {
        "hpsv2_score": 0.27859121561050415,
        "aesthetics_score": 5.85367488861084,
        "background_mse": 0.0006427500363285179,
        "clip_text_image": 0.21545764803886414,
        "dinov2_similarity": 0.23142407834529877
    },
    "TF-ICON": {
        "hpsv2_score": 0.32225000858306885,
        "aesthetics_score": 6.620205402374268,
        "background_mse": 0.007109863373074814,
        "clip_text_image": 0.25044068694114685,
        "dinov2_similarity": 0.20690394937992096
    },
    "KV-EDIT": {
        "hpsv2_score": 0.3202367126941681,
        "aesthetics_score": 5.73726749420166,
        "background_mse": 0.0017629096412803012,
        "clip_text_image": 0.24827300012111664,
        "dinov2_similarity": 0.08746112883090973
    },
    "ours": {
        "hpsv2_score": 0.27655521035194397,
        "aesthetics_score": 6.129205703735352,
        "background_mse": 0.002307916196428928,
        "clip_text_image": 0.22031790018081665,
        "dinov2_similarity": 0.2156985104084015
    }
}