{
    "Photoshop": {
        "hpsv2_score": 0.2909793257713318,
        "aesthetics_score": 5.077070713043213,
        "background_mse": 0.0006830784554659549,
        "clip_text_image": 0.2637838125228882,
        "dinov2_similarity": 0.2760624289512634
    },
    "TF-ICON": {
        "hpsv2_score": 0.3220052123069763,
        "aesthetics_score": 5.899599075317383,
        "background_mse": 0.00621100059777847,
        "clip_text_image": 0.2685586214065552,
        "dinov2_similarity": 0.2849941849708557
    },
    "KV-EDIT": {
        "hpsv2_score": 0.3012351393699646,
        "aesthetics_score": 5.172333717346191,
        "background_mse": 0.0017164971729645368,
        "clip_text_image": 0.2124192714691162,
        "dinov2_similarity": 0.20929235219955444
    },
    "ours": {
        "hpsv2_score": 0.29102852940559387,
        "aesthetics_score": 5.3868889808654785,
        "background_mse": 0.0027881106629594316,
        "clip_text_image": 0.24216504395008087,
        "dinov2_similarity": 0.2862017750740051
    }
}