{
    "Photoshop": {
        "hpsv2_score": 0.3027827739715576,
        "aesthetics_score": 5.279282569885254,
        "background_mse": 0.000685395602657126,
        "clip_text_image": 0.23624058067798615,
        "dinov2_similarity": 0.3686525821685791
    },
    "TF-ICON": {
        "hpsv2_score": 0.2986548840999603,
        "aesthetics_score": 6.0115227699279785,
        "background_mse": 0.0058340420871856764,
        "clip_text_image": 0.24504292011260986,
        "dinov2_similarity": 0.2805802524089813
    },
    "KV-EDIT": {
        "hpsv2_score": 0.2412211149930954,
        "aesthetics_score": 5.1857452392578125,
        "background_mse": 0.0015827161807062341,
        "clip_text_image": 0.20091897249221802,
        "dinov2_similarity": 0.16318359971046448
    },
    "ours": {
        "hpsv2_score": 0.31841135025024414,
        "aesthetics_score": 5.538735866546631,
        "background_mse": 0.0025528753330207768,
        "clip_text_image": 0.21705429255962372,
        "dinov2_similarity": 0.361411452293396
    }
}