{
    "Photoshop": {
        "hpsv2_score": 0.29715824127197266,
        "aesthetics_score": 5.308899402618408,
        "background_mse": 0.004522622627506784,
        "clip_text_image": 0.31566035747528076,
        "dinov2_similarity": 0.4733840823173523
    },
    "TF-ICON": {
        "hpsv2_score": 0.345493882894516,
        "aesthetics_score": 5.825595378875732,
        "background_mse": 0.004140769384572445,
        "clip_text_image": 0.315512090921402,
        "dinov2_similarity": 0.3835059404373169
    },
    "KV-EDIT": {
        "hpsv2_score": 0.30015748739242554,
        "aesthetics_score": 5.046481132507324,
        "background_mse": 0.0010838928480567855,
        "clip_text_image": 0.30632176995277405,
        "dinov2_similarity": 0.25151392817497253
    },
    "ours": {
        "hpsv2_score": 0.33748823404312134,
        "aesthetics_score": 5.4263153076171875,
        "background_mse": 0.0018315490002704152,
        "clip_text_image": 0.32664427161216736,
        "dinov2_similarity": 0.4368973970413208
    }
}