{
    "Photoshop": {
        "hpsv2_score": 0.3490268588066101,
        "aesthetics_score": 5.204750061035156,
        "background_mse": 0.001827909223129723,
        "clip_text_image": 0.27548813819885254,
        "dinov2_similarity": 0.2824725806713104
    },
    "TF-ICON": {
        "hpsv2_score": 0.369178831577301,
        "aesthetics_score": 5.600341796875,
        "background_mse": 0.010661548553400542,
        "clip_text_image": 0.288289338350296,
        "dinov2_similarity": 0.2951173782348633
    },
    "KV-EDIT": {
        "hpsv2_score": 0.3310585618019104,
        "aesthetics_score": 5.253847122192383,
        "background_mse": 0.004499183949254081,
        "clip_text_image": 0.2886187732219696,
        "dinov2_similarity": 0.24364666640758514
    },
    "ours": {
        "hpsv2_score": 0.33245086669921875,
        "aesthetics_score": 5.838811874389648,
        "background_mse": 0.008664018653549243,
        "clip_text_image": 0.28327953815460205,
        "dinov2_similarity": 0.31440818309783936
    }
}