{
    "Photoshop": {
        "hpsv2_score": 0.3686128258705139,
        "aesthetics_score": 5.015525817871094,
        "background_mse": 0.003232026423688019,
        "clip_text_image": 0.32271844148635864,
        "dinov2_similarity": 0.21348682045936584
    },
    "TF-ICON": {
        "hpsv2_score": 0.36788851022720337,
        "aesthetics_score": 5.511030197143555,
        "background_mse": 0.012941905921883724,
        "clip_text_image": 0.3219953775405884,
        "dinov2_similarity": 0.24050915241241455
    },
    "KV-EDIT": {
        "hpsv2_score": 0.36823832988739014,
        "aesthetics_score": 4.930289268493652,
        "background_mse": 0.0019236330165704146,
        "clip_text_image": 0.2954246699810028,
        "dinov2_similarity": 0.09816166758537292
    },
    "ours": {
        "hpsv2_score": 0.37821561098098755,
        "aesthetics_score": 5.391491889953613,
        "background_mse": 0.003237224511887258,
        "clip_text_image": 0.32388144731521606,
        "dinov2_similarity": 0.19074133038520813
    }
}