{
    "Photoshop": {
        "hpsv2_score": 0.34951531887054443,
        "aesthetics_score": 5.059331893920898,
        "background_mse": 0.0018428014949509952,
        "clip_text_image": 0.3015023469924927,
        "dinov2_similarity": 0.3681690990924835
    },
    "TF-ICON": {
        "hpsv2_score": 0.3584750294685364,
        "aesthetics_score": 5.618738174438477,
        "background_mse": 0.010704940067304079,
        "clip_text_image": 0.2902786135673523,
        "dinov2_similarity": 0.390133261680603
    },
    "KV-EDIT": {
        "hpsv2_score": 0.33492475748062134,
        "aesthetics_score": 5.077944755554199,
        "background_mse": 0.005986479186376766,
        "clip_text_image": 0.26472142338752747,
        "dinov2_similarity": 0.2915600538253784
    },
    "ours": {
        "hpsv2_score": 0.3357551097869873,
        "aesthetics_score": 5.885716438293457,
        "background_mse": 0.00831586074665833,
        "clip_text_image": 0.2892366647720337,
        "dinov2_similarity": 0.4069921672344208
    }
}