{
    "Photoshop": {
        "hpsv2_score": 0.34951531887054443,
        "aesthetics_score": 5.059331893920898,
        "background_mse": 0.0018428014949509952,
        "clip_text_image": 0.3015023469924927,
        "dinov2_similarity": 0.3681690990924835
    },
    "TF-ICON": {
        "hpsv2_score": 0.3584750294685364,
        "aesthetics_score": 5.618738174438477,
        "background_mse": 0.010704940067304079,
        "clip_text_image": 0.2902786135673523,
        "dinov2_similarity": 0.390133261680603
    },
    "KV-EDIT": {
        "hpsv2_score": 0.33492475748062134,
        "aesthetics_score": 5.077944755554199,
        "background_mse": 0.005986479186376766,
        "clip_text_image": 0.26472142338752747,
        "dinov2_similarity": 0.2915600538253784
    },
    "ours": {
        "hpsv2_score": 0.32801520824432373,
        "aesthetics_score": 5.669333457946777,
        "background_mse": 0.008281226594189025,
        "clip_text_image": 0.28088638186454773,
        "dinov2_similarity": 0.3871387839317322
    }
}