{
    "Photoshop": {
        "hpsv2_score": 0.37695980072021484,
        "aesthetics_score": 4.530182838439941,
        "background_mse": 0.0006575967532644587,
        "clip_text_image": 0.33080175518989563,
        "dinov2_similarity": 0.6738157272338867
    },
    "TF-ICON": {
        "hpsv2_score": 0.41512060165405273,
        "aesthetics_score": 5.683681011199951,
        "background_mse": 0.00692682748976884,
        "clip_text_image": 0.3171161711215973,
        "dinov2_similarity": 0.7828879356384277
    },
    "KV-EDIT": {
        "hpsv2_score": 0.24096345901489258,
        "aesthetics_score": 4.753595352172852,
        "background_mse": 0.000921747373462045,
        "clip_text_image": 0.2241266667842865,
        "dinov2_similarity": 0.31282809376716614
    },
    "ours": {
        "hpsv2_score": 0.4181174635887146,
        "aesthetics_score": 5.293553352355957,
        "background_mse": 0.002463467877319451,
        "clip_text_image": 0.3223663866519928,
        "dinov2_similarity": 0.6403307318687439
    }
}