{
    "Photoshop": {
        "hpsv2_score": 0.3071329891681671,
        "aesthetics_score": 4.821193695068359,
        "background_mse": 0.0017969225336982874,
        "clip_text_image": 0.26251789927482605,
        "dinov2_similarity": 0.3494013845920563
    },
    "TF-ICON": {
        "hpsv2_score": 0.3156650960445404,
        "aesthetics_score": 5.653385639190674,
        "background_mse": 0.010500786128421917,
        "clip_text_image": 0.26778581738471985,
        "dinov2_similarity": 0.4314192533493042
    },
    "KV-EDIT": {
        "hpsv2_score": 0.3320336937904358,
        "aesthetics_score": 5.185155868530273,
        "background_mse": 0.0045686034302389635,
        "clip_text_image": 0.27947208285331726,
        "dinov2_similarity": 0.340623676776886
    },
    "ours": {
        "hpsv2_score": 0.28436070680618286,
        "aesthetics_score": 5.287045478820801,
        "background_mse": 0.008672706710485218,
        "clip_text_image": 0.24231162667274475,
        "dinov2_similarity": 0.4031250476837158
    }
}