{
    "Photoshop": {
        "hpsv2_score": 0.3071329891681671,
        "aesthetics_score": 4.821193695068359,
        "background_mse": 0.0017969225336982874,
        "clip_text_image": 0.26251789927482605,
        "dinov2_similarity": 0.3494013845920563
    },
    "TF-ICON": {
        "hpsv2_score": 0.3156650960445404,
        "aesthetics_score": 5.653385639190674,
        "background_mse": 0.010500786128421917,
        "clip_text_image": 0.26778581738471985,
        "dinov2_similarity": 0.4314192533493042
    },
    "KV-EDIT": {
        "hpsv2_score": 0.3320336937904358,
        "aesthetics_score": 5.185155868530273,
        "background_mse": 0.0045686034302389635,
        "clip_text_image": 0.27947208285331726,
        "dinov2_similarity": 0.340623676776886
    },
    "ours": {
        "hpsv2_score": 0.2847897410392761,
        "aesthetics_score": 5.399187088012695,
        "background_mse": 0.00845028894702574,
        "clip_text_image": 0.24629634618759155,
        "dinov2_similarity": 0.3933897018432617
    }
}