{
    "Photoshop": {
        "hpsv2_score": 0.29129570722579956,
        "aesthetics_score": 5.214061260223389,
        "background_mse": 0.0018578735913370769,
        "clip_text_image": 0.23309758305549622,
        "dinov2_similarity": 0.11834992468357086
    },
    "TF-ICON": {
        "hpsv2_score": 0.324651300907135,
        "aesthetics_score": 5.906286239624023,
        "background_mse": 0.009766582257256066,
        "clip_text_image": 0.24031253159046173,
        "dinov2_similarity": 0.139410138130188
    },
    "KV-EDIT": {
        "hpsv2_score": 0.29201048612594604,
        "aesthetics_score": 5.198579788208008,
        "background_mse": 0.0042024089775334695,
        "clip_text_image": 0.2586730420589447,
        "dinov2_similarity": 0.07471276074647903
    },
    "ours": {
        "hpsv2_score": 0.25933152437210083,
        "aesthetics_score": 5.640974998474121,
        "background_mse": 0.009258740680228835,
        "clip_text_image": 0.23132602870464325,
        "dinov2_similarity": 0.13279515504837036
    }
}