{
    "Photoshop": {
        "hpsv2_score": 0.2287706732749939,
        "aesthetics_score": 4.371838092803955,
        "background_mse": 0.0014684105043938234,
        "clip_text_image": 0.2289382517337799,
        "dinov2_similarity": 0.13652493059635162
    },
    "TF-ICON": {
        "hpsv2_score": 0.3193860352039337,
        "aesthetics_score": 4.611018657684326,
        "background_mse": 0.008637193569551897,
        "clip_text_image": 0.2450491040945053,
        "dinov2_similarity": 0.17955949902534485
    },
    "KV-EDIT": {
        "hpsv2_score": 0.26644057035446167,
        "aesthetics_score": 4.225294589996338,
        "background_mse": 0.003605022222288945,
        "clip_text_image": 0.22865712642669678,
        "dinov2_similarity": 0.07479996234178543
    },
    "ours": {
        "hpsv2_score": 0.3518970012664795,
        "aesthetics_score": 4.51448392868042,
        "background_mse": 0.0065020679543537855,
        "clip_text_image": 0.26687389612197876,
        "dinov2_similarity": 0.17399001121520996
    }
}