{
    "Photoshop": {
        "hpsv2_score": 0.35365211963653564,
        "aesthetics_score": 5.890468597412109,
        "background_mse": 0.0006667278714695894,
        "clip_text_image": 0.2731647789478302,
        "dinov2_similarity": 0.1976497769355774
    },
    "TF-ICON": {
        "hpsv2_score": 0.3721950948238373,
        "aesthetics_score": 6.285912990570068,
        "background_mse": 0.00836698615337543,
        "clip_text_image": 0.2868826985359192,
        "dinov2_similarity": 0.1801338791847229
    },
    "KV-EDIT": {
        "hpsv2_score": 0.33551692962646484,
        "aesthetics_score": 5.632498741149902,
        "background_mse": 0.0023701787427717566,
        "clip_text_image": 0.2612783908843994,
        "dinov2_similarity": 0.06386077404022217
    },
    "ours": {
        "hpsv2_score": 0.3523734211921692,
        "aesthetics_score": 5.972049713134766,
        "background_mse": 0.003808097415451116,
        "clip_text_image": 0.2797379791736603,
        "dinov2_similarity": 0.20493084192276
    }
}