{
    "Photoshop": {
        "hpsv2_score": 0.35079583525657654,
        "aesthetics_score": 5.196949005126953,
        "background_mse": 0.0008494272428396816,
        "clip_text_image": 0.2908506691455841,
        "dinov2_similarity": 0.23567666113376617
    },
    "TF-ICON": {
        "hpsv2_score": 0.37653791904449463,
        "aesthetics_score": 5.7422332763671875,
        "background_mse": 0.006174643201700272,
        "clip_text_image": 0.30438554286956787,
        "dinov2_similarity": 0.27318692207336426
    },
    "KV-EDIT": {
        "hpsv2_score": 0.3492927551269531,
        "aesthetics_score": 5.453258514404297,
        "background_mse": 0.0008881349753980752,
        "clip_text_image": 0.28352880477905273,
        "dinov2_similarity": 0.23297910392284393
    },
    "ours": {
        "hpsv2_score": 0.3431558609008789,
        "aesthetics_score": 5.392125606536865,
        "background_mse": 0.001862648836989355,
        "clip_text_image": 0.2805580794811249,
        "dinov2_similarity": 0.2309466302394867
    }
}