{
    "Photoshop": {
        "hpsv2_score": 0.3470069468021393,
        "aesthetics_score": 5.096742630004883,
        "background_mse": 0.0006554584295915519,
        "clip_text_image": 0.352952241897583,
        "dinov2_similarity": 0.7727941274642944
    },
    "TF-ICON": {
        "hpsv2_score": 0.4732622802257538,
        "aesthetics_score": 5.832591533660889,
        "background_mse": 0.009744462223504238,
        "clip_text_image": 0.3492397964000702,
        "dinov2_similarity": 0.7569074034690857
    },
    "KV-EDIT": {
        "hpsv2_score": 0.4326958656311035,
        "aesthetics_score": 4.802297115325928,
        "background_mse": 0.001228433322728776,
        "clip_text_image": 0.3064362704753876,
        "dinov2_similarity": 0.4295541048049927
    },
    "ours": {
        "hpsv2_score": 0.37520599365234375,
        "aesthetics_score": 5.546558380126953,
        "background_mse": 0.0024349160822178624,
        "clip_text_image": 0.3395514488220215,
        "dinov2_similarity": 0.7548232674598694
    }
}