{
    "Photoshop": {
        "hpsv2_score": 0.26736509799957275,
        "aesthetics_score": 5.153698921203613,
        "background_mse": 0.0009129064230907481,
        "clip_text_image": 0.21317479014396667,
        "dinov2_similarity": 0.4491255283355713
    },
    "TF-ICON": {
        "hpsv2_score": 0.27346163988113403,
        "aesthetics_score": 5.3253092765808105,
        "background_mse": 0.0063972261829533675,
        "clip_text_image": 0.20588406920433044,
        "dinov2_similarity": 0.446135550737381
    },
    "KV-EDIT": {
        "hpsv2_score": 0.11217709630727768,
        "aesthetics_score": 5.097224235534668,
        "background_mse": 0.0018297808098811127,
        "clip_text_image": 0.13623595237731934,
        "dinov2_similarity": 0.13652025163173676
    },
    "ours": {
        "hpsv2_score": 0.2572912871837616,
        "aesthetics_score": 5.351764678955078,
        "background_mse": 0.0034706588748112934,
        "clip_text_image": 0.21358820796012878,
        "dinov2_similarity": 0.4675959646701813
    }
}