{
    "Photoshop": {
        "hpsv2_score": 0.3955138623714447,
        "aesthetics_score": 5.637574195861816,
        "background_mse": 0.0006195196924613696,
        "clip_text_image": 0.3311922550201416,
        "dinov2_similarity": 0.08755030483007431
    },
    "TF-ICON": {
        "hpsv2_score": 0.41397547721862793,
        "aesthetics_score": 5.60758113861084,
        "background_mse": 0.007323693070196216,
        "clip_text_image": 0.31257325410842896,
        "dinov2_similarity": 0.07853441685438156
    },
    "KV-EDIT": {
        "hpsv2_score": 0.2759755253791809,
        "aesthetics_score": 5.42288875579834,
        "background_mse": 0.0011381556110929177,
        "clip_text_image": 0.2512087821960449,
        "dinov2_similarity": 0.013326123356819153
    },
    "ours": {
        "hpsv2_score": 0.4206670820713043,
        "aesthetics_score": 5.642861843109131,
        "background_mse": 0.0031470882961838974,
        "clip_text_image": 0.31926003098487854,
        "dinov2_similarity": 0.05995185673236847
    }
}