{
    "Photoshop": {
        "hpsv2_score": 0.3029857277870178,
        "aesthetics_score": 4.7632622718811035,
        "background_mse": 0.0014828110702197479,
        "clip_text_image": 0.22430628538131714,
        "dinov2_similarity": 0.1945873647928238
    },
    "TF-ICON": {
        "hpsv2_score": 0.33022987842559814,
        "aesthetics_score": 5.254558563232422,
        "background_mse": 0.008714436539874196,
        "clip_text_image": 0.2188454270362854,
        "dinov2_similarity": 0.18370115756988525
    },
    "KV-EDIT": {
        "hpsv2_score": 0.22229477763175964,
        "aesthetics_score": 4.185040473937988,
        "background_mse": 0.003631735600500866,
        "clip_text_image": 0.20247605443000793,
        "dinov2_similarity": 0.06751327961683273
    },
    "ours": {
        "hpsv2_score": 0.3313526511192322,
        "aesthetics_score": 5.0943074226379395,
        "background_mse": 0.006223721435436263,
        "clip_text_image": 0.23013633489608765,
        "dinov2_similarity": 0.22537724673748016
    }
}