{
    "Photoshop": {
        "hpsv2_score": 0.3730383515357971,
        "aesthetics_score": 5.218776702880859,
        "background_mse": 0.0003789371125253676,
        "clip_text_image": 0.30754488706588745,
        "dinov2_similarity": 0.49064958095550537
    },
    "TF-ICON": {
        "hpsv2_score": 0.4092491865158081,
        "aesthetics_score": 5.673478126525879,
        "background_mse": 0.002810122657955565,
        "clip_text_image": 0.3333675265312195,
        "dinov2_similarity": 0.3939719498157501
    },
    "KV-EDIT": {
        "hpsv2_score": 0.37931084632873535,
        "aesthetics_score": 5.617159843444824,
        "background_mse": 0.0005635049660678615,
        "clip_text_image": 0.3221912086009979,
        "dinov2_similarity": 0.42974406480789185
    },
    "ours": {
        "hpsv2_score": 0.3742142915725708,
        "aesthetics_score": 5.412933349609375,
        "background_mse": 0.001470706424807117,
        "clip_text_image": 0.30988022685050964,
        "dinov2_similarity": 0.49132484197616577
    }
}