{
    "Photoshop": {
        "hpsv2_score": 0.298030287027359,
        "aesthetics_score": 5.189579010009766,
        "background_mse": 0.001891822931162684,
        "clip_text_image": 0.24338945746421814,
        "dinov2_similarity": 0.20134292542934418
    },
    "TF-ICON": {
        "hpsv2_score": 0.297105997800827,
        "aesthetics_score": 5.7643046379089355,
        "background_mse": 0.009936848378453832,
        "clip_text_image": 0.2309110015630722,
        "dinov2_similarity": 0.13803094625473022
    },
    "KV-EDIT": {
        "hpsv2_score": 0.27399522066116333,
        "aesthetics_score": 5.4985175132751465,
        "background_mse": 0.004263917843153634,
        "clip_text_image": 0.24969519674777985,
        "dinov2_similarity": 0.12659169733524323
    },
    "ours": {
        "hpsv2_score": 0.25359439849853516,
        "aesthetics_score": 5.4608049392700195,
        "background_mse": 0.00856594228686755,
        "clip_text_image": 0.2251468449831009,
        "dinov2_similarity": 0.163723424077034
    }
}