{
    "Photoshop": {
        "hpsv2_score": 0.298030287027359,
        "aesthetics_score": 5.189579010009766,
        "background_mse": 0.001891822931162684,
        "clip_text_image": 0.24338945746421814,
        "dinov2_similarity": 0.20134292542934418
    },
    "TF-ICON": {
        "hpsv2_score": 0.297105997800827,
        "aesthetics_score": 5.7643046379089355,
        "background_mse": 0.009936848378453832,
        "clip_text_image": 0.2309110015630722,
        "dinov2_similarity": 0.13803094625473022
    },
    "KV-EDIT": {
        "hpsv2_score": 0.27399522066116333,
        "aesthetics_score": 5.4985175132751465,
        "background_mse": 0.004263917843153634,
        "clip_text_image": 0.24969519674777985,
        "dinov2_similarity": 0.12659169733524323
    },
    "ours": {
        "hpsv2_score": 0.24944612383842468,
        "aesthetics_score": 5.516451835632324,
        "background_mse": 0.008193253950343855,
        "clip_text_image": 0.22517764568328857,
        "dinov2_similarity": 0.17385832965373993
    }
}