{
    "Photoshop": {
        "hpsv2_score": 0.29545921087265015,
        "aesthetics_score": 5.06591272354126,
        "background_mse": 0.0018671605773026311,
        "clip_text_image": 0.2580735683441162,
        "dinov2_similarity": 0.05121319368481636
    },
    "TF-ICON": {
        "hpsv2_score": 0.3768455982208252,
        "aesthetics_score": 5.784596920013428,
        "background_mse": 0.00967939969927156,
        "clip_text_image": 0.30399289727211,
        "dinov2_similarity": 0.06820010393857956
    },
    "KV-EDIT": {
        "hpsv2_score": 0.3105998933315277,
        "aesthetics_score": 5.739574432373047,
        "background_mse": 0.004231854935927411,
        "clip_text_image": 0.27721622586250305,
        "dinov2_similarity": 0.035229749977588654
    },
    "ours": {
        "hpsv2_score": 0.3244411051273346,
        "aesthetics_score": 5.512314796447754,
        "background_mse": 0.008718405232647228,
        "clip_text_image": 0.27783435583114624,
        "dinov2_similarity": 0.04619506374001503
    }
}