{
    "Photoshop": {
        "hpsv2_score": 0.3396328091621399,
        "aesthetics_score": 4.353760719299316,
        "background_mse": 0.001625807209321545,
        "clip_text_image": 0.24151359498500824,
        "dinov2_similarity": 0.4168340563774109
    },
    "TF-ICON": {
        "hpsv2_score": 0.32595211267471313,
        "aesthetics_score": 4.801323413848877,
        "background_mse": 0.01158929744808188,
        "clip_text_image": 0.22460925579071045,
        "dinov2_similarity": 0.540071964263916
    },
    "KV-EDIT": {
        "hpsv2_score": 0.36345914006233215,
        "aesthetics_score": 4.426590442657471,
        "background_mse": 0.004286772060236507,
        "clip_text_image": 0.267843097448349,
        "dinov2_similarity": 0.3356397747993469
    },
    "ours": {
        "hpsv2_score": 0.3747154474258423,
        "aesthetics_score": 4.499906063079834,
        "background_mse": 0.007500847256585895,
        "clip_text_image": 0.2549618184566498,
        "dinov2_similarity": 0.4464266300201416
    }
}