{
    "Photoshop": {
        "hpsv2_score": 0.2911563813686371,
        "aesthetics_score": 5.6249518394470215,
        "background_mse": 0.0006080626812624844,
        "clip_text_image": 0.2236635833978653,
        "dinov2_similarity": 0.3975617289543152
    },
    "TF-ICON": {
        "hpsv2_score": 0.313456267118454,
        "aesthetics_score": 5.558860778808594,
        "background_mse": 0.0034630161862068292,
        "clip_text_image": 0.2225247472524643,
        "dinov2_similarity": 0.3737871050834656
    },
    "KV-EDIT": {
        "hpsv2_score": 0.30028235912323,
        "aesthetics_score": 5.7696027755737305,
        "background_mse": 0.0008428630623528143,
        "clip_text_image": 0.2401496022939682,
        "dinov2_similarity": 0.42038506269454956
    },
    "ours": {
        "hpsv2_score": 0.29782167077064514,
        "aesthetics_score": 5.561511039733887,
        "background_mse": 0.001974811097282196,
        "clip_text_image": 0.24481011927127838,
        "dinov2_similarity": 0.42284488677978516
    }
}