{
    "Photoshop": {
        "hpsv2_score": 0.2978000342845917,
        "aesthetics_score": 5.519926071166992,
        "background_mse": 0.0004971674820541314,
        "clip_text_image": 0.2938336730003357,
        "dinov2_similarity": 0.36193251609802246
    },
    "TF-ICON": {
        "hpsv2_score": 0.34336721897125244,
        "aesthetics_score": 5.517971992492676,
        "background_mse": 0.003935889835813106,
        "clip_text_image": 0.317008376121521,
        "dinov2_similarity": 0.35671523213386536
    },
    "KV-EDIT": {
        "hpsv2_score": 0.2620936930179596,
        "aesthetics_score": 5.093908309936523,
        "background_mse": 0.0007526878826930862,
        "clip_text_image": 0.2898331582546234,
        "dinov2_similarity": 0.2454940527677536
    },
    "ours": {
        "hpsv2_score": 0.32153674960136414,
        "aesthetics_score": 5.556661605834961,
        "background_mse": 0.00307439958869629,
        "clip_text_image": 0.30364829301834106,
        "dinov2_similarity": 0.3550136685371399
    }
}