{
    "Photoshop": {
        "hpsv2_score": 0.30185139179229736,
        "aesthetics_score": 5.613234996795654,
        "background_mse": 0.0010427574444500493,
        "clip_text_image": 0.2705731987953186,
        "dinov2_similarity": 0.23328815400600433
    },
    "TF-ICON": {
        "hpsv2_score": 0.28422266244888306,
        "aesthetics_score": 5.546718597412109,
        "background_mse": 0.011841975198240312,
        "clip_text_image": 0.26323482394218445,
        "dinov2_similarity": 0.23821046948432922
    },
    "KV-EDIT": {
        "hpsv2_score": 0.19318601489067078,
        "aesthetics_score": 5.385444164276123,
        "background_mse": 0.0008940623385197147,
        "clip_text_image": 0.19284206628799438,
        "dinov2_similarity": 0.06973786652088165
    },
    "ours": {
        "hpsv2_score": 0.2899536192417145,
        "aesthetics_score": 5.534720420837402,
        "background_mse": 0.0029823409795399192,
        "clip_text_image": 0.24454663693904877,
        "dinov2_similarity": 0.18136078119277954
    }
}