{
    "Photoshop": {
        "hpsv2_score": 0.3311735987663269,
        "aesthetics_score": 5.311936378479004,
        "background_mse": 0.0015945470477879264,
        "clip_text_image": 0.2566053569316864,
        "dinov2_similarity": 0.34829413890838623
    },
    "TF-ICON": {
        "hpsv2_score": 0.34120774269104004,
        "aesthetics_score": 5.997632026672363,
        "background_mse": 0.010433857233017122,
        "clip_text_image": 0.2591647505760193,
        "dinov2_similarity": 0.3269731402397156
    },
    "KV-EDIT": {
        "hpsv2_score": 0.2992928624153137,
        "aesthetics_score": 4.653359413146973,
        "background_mse": 0.004057030673485588,
        "clip_text_image": 0.27536264061927795,
        "dinov2_similarity": 0.19348251819610596
    },
    "ours": {
        "hpsv2_score": 0.3612993061542511,
        "aesthetics_score": 5.2539777755737305,
        "background_mse": 0.007744212728364992,
        "clip_text_image": 0.2725887596607208,
        "dinov2_similarity": 0.37076300382614136
    }
}