{
    "Photoshop": {
        "hpsv2_score": 0.3037872910499573,
        "aesthetics_score": 5.157445907592773,
        "background_mse": 0.0018537938377330612,
        "clip_text_image": 0.28843212127685547,
        "dinov2_similarity": 0.3093407154083252
    },
    "TF-ICON": {
        "hpsv2_score": 0.37433671951293945,
        "aesthetics_score": 5.780703544616699,
        "background_mse": 0.011460934862371349,
        "clip_text_image": 0.2897733449935913,
        "dinov2_similarity": 0.33686563372612
    },
    "KV-EDIT": {
        "hpsv2_score": 0.3419513702392578,
        "aesthetics_score": 5.680202484130859,
        "background_mse": 0.004647124998923598,
        "clip_text_image": 0.2987765669822693,
        "dinov2_similarity": 0.16818171739578247
    },
    "ours": {
        "hpsv2_score": 0.34213539958000183,
        "aesthetics_score": 5.725260257720947,
        "background_mse": 0.009188821372562701,
        "clip_text_image": 0.2677367925643921,
        "dinov2_similarity": 0.33456236124038696
    }
}