{
    "Photoshop": {
        "hpsv2_score": 0.2993433475494385,
        "aesthetics_score": 5.033893585205078,
        "background_mse": 0.001959290396362166,
        "clip_text_image": 0.23703373968601227,
        "dinov2_similarity": 0.27327674627304077
    },
    "TF-ICON": {
        "hpsv2_score": 0.3560318350791931,
        "aesthetics_score": 5.956881523132324,
        "background_mse": 0.01030438088137139,
        "clip_text_image": 0.2677910625934601,
        "dinov2_similarity": 0.30163848400115967
    },
    "KV-EDIT": {
        "hpsv2_score": 0.34745684266090393,
        "aesthetics_score": 5.219189643859863,
        "background_mse": 0.0047251175742952225,
        "clip_text_image": 0.2879124879837036,
        "dinov2_similarity": 0.303112655878067
    },
    "ours": {
        "hpsv2_score": 0.3270188570022583,
        "aesthetics_score": 5.352133750915527,
        "background_mse": 0.011132705898920027,
        "clip_text_image": 0.26968440413475037,
        "dinov2_similarity": 0.33840903639793396
    }
}