{
    "Photoshop": {
        "hpsv2_score": 0.2797277569770813,
        "aesthetics_score": 5.302367210388184,
        "background_mse": 0.000345874554050822,
        "clip_text_image": 0.30879032611846924,
        "dinov2_similarity": 0.71352219581604
    },
    "TF-ICON": {
        "hpsv2_score": 0.3289169669151306,
        "aesthetics_score": 5.631154537200928,
        "background_mse": 0.009074742790278215,
        "clip_text_image": 0.2968877851963043,
        "dinov2_similarity": 0.7003954648971558
    },
    "KV-EDIT": {
        "hpsv2_score": 0.26272913813591003,
        "aesthetics_score": 4.46142053604126,
        "background_mse": 0.0012927213665602643,
        "clip_text_image": 0.25273144245147705,
        "dinov2_similarity": 0.5811867713928223
    },
    "ours": {
        "hpsv2_score": 0.27156972885131836,
        "aesthetics_score": 5.767306327819824,
        "background_mse": 0.0006714564609934604,
        "clip_text_image": 0.270062655210495,
        "dinov2_similarity": 0.7388218641281128
    }
}