{
    "Photoshop": {
        "hpsv2_score": 0.3345987796783447,
        "aesthetics_score": 5.37164306640625,
        "background_mse": 0.0007060544994325747,
        "clip_text_image": 0.28241708874702454,
        "dinov2_similarity": 0.1329384297132492
    },
    "TF-ICON": {
        "hpsv2_score": 0.35438793897628784,
        "aesthetics_score": 6.2598772048950195,
        "background_mse": 0.005690548973631926,
        "clip_text_image": 0.3086099624633789,
        "dinov2_similarity": 0.12438204884529114
    },
    "KV-EDIT": {
        "hpsv2_score": 0.28359508514404297,
        "aesthetics_score": 5.758232116699219,
        "background_mse": 0.0011629592143016616,
        "clip_text_image": 0.24067650735378265,
        "dinov2_similarity": -0.004934970289468765
    },
    "ours": {
        "hpsv2_score": 0.3510376214981079,
        "aesthetics_score": 5.68187141418457,
        "background_mse": 0.002812516261799704,
        "clip_text_image": 0.270161896944046,
        "dinov2_similarity": 0.14150425791740417
    }
}