{
    "Photoshop": {
        "hpsv2_score": 0.37961578369140625,
        "aesthetics_score": 5.477972030639648,
        "background_mse": 0.0006758946941106023,
        "clip_text_image": 0.2724553644657135,
        "dinov2_similarity": 0.12069600820541382
    },
    "TF-ICON": {
        "hpsv2_score": 0.36637479066848755,
        "aesthetics_score": 6.1219868659973145,
        "background_mse": 0.006045810015348596,
        "clip_text_image": 0.2776469588279724,
        "dinov2_similarity": 0.15703155100345612
    },
    "KV-EDIT": {
        "hpsv2_score": 0.2512769401073456,
        "aesthetics_score": 5.1957855224609375,
        "background_mse": 0.0014568439375483213,
        "clip_text_image": 0.21157492697238922,
        "dinov2_similarity": -0.018952559679746628
    },
    "ours": {
        "hpsv2_score": 0.26396065950393677,
        "aesthetics_score": 5.288204193115234,
        "background_mse": 0.0024427887425442353,
        "clip_text_image": 0.24301977455615997,
        "dinov2_similarity": 0.032053183764219284
    }
}