{
    "Photoshop": {
        "hpsv2_score": 0.41058287024497986,
        "aesthetics_score": 5.37971830368042,
        "background_mse": 0.0010840673811755247,
        "clip_text_image": 0.3495276868343353,
        "dinov2_similarity": 0.11510256677865982
    },
    "TF-ICON": {
        "hpsv2_score": 0.41158226132392883,
        "aesthetics_score": 5.804941177368164,
        "background_mse": 0.009062397374454351,
        "clip_text_image": 0.3359910845756531,
        "dinov2_similarity": 0.07706081867218018
    },
    "KV-EDIT": {
        "hpsv2_score": 0.3798624277114868,
        "aesthetics_score": 6.0255889892578125,
        "background_mse": 0.0018236561052395032,
        "clip_text_image": 0.3230609595775604,
        "dinov2_similarity": 0.018767770379781723
    },
    "ours": {
        "hpsv2_score": 0.3972363770008087,
        "aesthetics_score": 5.932925224304199,
        "background_mse": 0.004548891693322594,
        "clip_text_image": 0.33949437737464905,
        "dinov2_similarity": 0.10143207013607025
    }
}