{
    "Photoshop": {
        "hpsv2_score": 0.2550845146179199,
        "aesthetics_score": 5.868869304656982,
        "background_mse": 0.0015341771069360972,
        "clip_text_image": 0.24343009293079376,
        "dinov2_similarity": 0.37149423360824585
    },
    "TF-ICON": {
        "hpsv2_score": 0.29607918858528137,
        "aesthetics_score": 6.01700496673584,
        "background_mse": 0.012522232629309968,
        "clip_text_image": 0.28490594029426575,
        "dinov2_similarity": 0.35493263602256775
    },
    "KV-EDIT": {
        "hpsv2_score": 0.3117428719997406,
        "aesthetics_score": 5.907365798950195,
        "background_mse": 0.0012014853146059754,
        "clip_text_image": 0.2948559522628784,
        "dinov2_similarity": 0.24285614490509033
    },
    "ours": {
        "hpsv2_score": 0.30092549324035645,
        "aesthetics_score": 6.028523921966553,
        "background_mse": 0.00390831458975175,
        "clip_text_image": 0.29044267535209656,
        "dinov2_similarity": 0.3802017271518707
    }
}