{
    "Photoshop": {
        "hpsv2_score": 0.3098940849304199,
        "aesthetics_score": 5.674938201904297,
        "background_mse": 0.00041917336420996834,
        "clip_text_image": 0.21619094908237457,
        "dinov2_similarity": 0.21267731487751007
    },
    "TF-ICON": {
        "hpsv2_score": 0.2869013249874115,
        "aesthetics_score": 5.398678779602051,
        "background_mse": 0.006229674074683065,
        "clip_text_image": 0.21862801909446716,
        "dinov2_similarity": 0.2340976446866989
    },
    "KV-EDIT": {
        "hpsv2_score": 0.30310606956481934,
        "aesthetics_score": 5.674020767211914,
        "background_mse": 0.0007819687212320174,
        "clip_text_image": 0.21462634205818176,
        "dinov2_similarity": 0.1279171109199524
    },
    "ours": {
        "hpsv2_score": 0.2824307680130005,
        "aesthetics_score": 5.460169792175293,
        "background_mse": 0.0018512157334362616,
        "clip_text_image": 0.21163611114025116,
        "dinov2_similarity": 0.24404102563858032
    }
}