{
    "Photoshop": {
        "hpsv2_score": 0.3933101296424866,
        "aesthetics_score": 4.898962497711182,
        "background_mse": 0.0017514054237245716,
        "clip_text_image": 0.3465246260166168,
        "dinov2_similarity": 0.18725138902664185
    },
    "TF-ICON": {
        "hpsv2_score": 0.39868462085723877,
        "aesthetics_score": 5.104684352874756,
        "background_mse": 0.01374625791854754,
        "clip_text_image": 0.33226779103279114,
        "dinov2_similarity": 0.18676942586898804
    },
    "KV-EDIT": {
        "hpsv2_score": 0.40525227785110474,
        "aesthetics_score": 5.640072822570801,
        "background_mse": 0.005022609086337837,
        "clip_text_image": 0.3423994779586792,
        "dinov2_similarity": 0.09449554979801178
    },
    "ours": {
        "hpsv2_score": 0.37999770045280457,
        "aesthetics_score": 5.474032402038574,
        "background_mse": 0.00905853105311595,
        "clip_text_image": 0.3251538872718811,
        "dinov2_similarity": 0.21988704800605774
    }
}