{
    "Photoshop": {
        "hpsv2_score": 0.24875350296497345,
        "aesthetics_score": 4.602023601531982,
        "background_mse": 0.001476828871573131,
        "clip_text_image": 0.23473314940929413,
        "dinov2_similarity": 0.02169632539153099
    },
    "TF-ICON": {
        "hpsv2_score": 0.2990615963935852,
        "aesthetics_score": 4.851770401000977,
        "background_mse": 0.008895340254894114,
        "clip_text_image": 0.23139441013336182,
        "dinov2_similarity": 0.09635749459266663
    },
    "KV-EDIT": {
        "hpsv2_score": 0.13101744651794434,
        "aesthetics_score": 4.308155536651611,
        "background_mse": 0.003624945522657545,
        "clip_text_image": 0.12510547041893005,
        "dinov2_similarity": -0.10076223313808441
    },
    "ours": {
        "hpsv2_score": 0.32386720180511475,
        "aesthetics_score": 5.042096138000488,
        "background_mse": 0.006343434497288178,
        "clip_text_image": 0.2680211067199707,
        "dinov2_similarity": 0.05614545941352844
    }
}