{
    "Photoshop": {
        "hpsv2_score": 0.3410189151763916,
        "aesthetics_score": 5.306692123413086,
        "background_mse": 0.0007032719585490204,
        "clip_text_image": 0.30820804834365845,
        "dinov2_similarity": 0.4304722547531128
    },
    "TF-ICON": {
        "hpsv2_score": 0.3634621500968933,
        "aesthetics_score": 5.884829998016357,
        "background_mse": 0.003913089966792205,
        "clip_text_image": 0.32230719923973083,
        "dinov2_similarity": 0.43113309144973755
    },
    "KV-EDIT": {
        "hpsv2_score": 0.32622891664505005,
        "aesthetics_score": 5.268364429473877,
        "background_mse": 0.00029881766889473246,
        "clip_text_image": 0.3333657383918762,
        "dinov2_similarity": 0.28036484122276306
    },
    "ours": {
        "hpsv2_score": 0.3752977252006531,
        "aesthetics_score": 5.682826995849609,
        "background_mse": 0.0008396774245499434,
        "clip_text_image": 0.3128803074359894,
        "dinov2_similarity": 0.4226207435131073
    }
}