{
    "Photoshop": {
        "hpsv2_score": 0.21268068253993988,
        "aesthetics_score": 5.1028594970703125,
        "background_mse": 0.0009065360992898871,
        "clip_text_image": 0.17497636377811432,
        "dinov2_similarity": 0.29240936040878296
    },
    "TF-ICON": {
        "hpsv2_score": 0.22756893932819366,
        "aesthetics_score": 5.201215744018555,
        "background_mse": 0.00659495340833677,
        "clip_text_image": 0.18059992790222168,
        "dinov2_similarity": 0.27395275235176086
    },
    "KV-EDIT": {
        "hpsv2_score": 0.21613064408302307,
        "aesthetics_score": 5.1924543380737305,
        "background_mse": 0.0018625434662419692,
        "clip_text_image": 0.1726379245519638,
        "dinov2_similarity": 0.09645789861679077
    },
    "ours": {
        "hpsv2_score": 0.24912086129188538,
        "aesthetics_score": 5.147072792053223,
        "background_mse": 0.0036644267166306946,
        "clip_text_image": 0.1916268914937973,
        "dinov2_similarity": 0.2981535792350769
    }
}