{
    "Photoshop": {
        "hpsv2_score": 0.21268068253993988,
        "aesthetics_score": 5.1028594970703125,
        "background_mse": 0.0009065360992898871,
        "clip_text_image": 0.17497636377811432,
        "dinov2_similarity": 0.29240936040878296
    },
    "TF-ICON": {
        "hpsv2_score": 0.22756893932819366,
        "aesthetics_score": 5.201215744018555,
        "background_mse": 0.00659495340833677,
        "clip_text_image": 0.18059992790222168,
        "dinov2_similarity": 0.27395275235176086
    },
    "KV-EDIT": {
        "hpsv2_score": 0.21613064408302307,
        "aesthetics_score": 5.1924543380737305,
        "background_mse": 0.0018625434662419692,
        "clip_text_image": 0.1726379245519638,
        "dinov2_similarity": 0.09645789861679077
    },
    "ours": {
        "hpsv2_score": 0.25347667932510376,
        "aesthetics_score": 5.1570611000061035,
        "background_mse": 0.0035191299229058175,
        "clip_text_image": 0.20988982915878296,
        "dinov2_similarity": 0.2717392146587372
    }
}