{
    "Photoshop": {
        "hpsv2_score": 0.26578372716903687,
        "aesthetics_score": 5.376461029052734,
        "background_mse": 0.0006630338133877788,
        "clip_text_image": 0.1944044977426529,
        "dinov2_similarity": 0.3407902419567108
    },
    "TF-ICON": {
        "hpsv2_score": 0.2743350565433502,
        "aesthetics_score": 5.531671047210693,
        "background_mse": 0.005783950881854759,
        "clip_text_image": 0.18411828577518463,
        "dinov2_similarity": 0.34499213099479675
    },
    "KV-EDIT": {
        "hpsv2_score": 0.2809394598007202,
        "aesthetics_score": 4.653365612030029,
        "background_mse": 0.001109249470910951,
        "clip_text_image": 0.18528638780117035,
        "dinov2_similarity": 0.14129874110221863
    },
    "ours": {
        "hpsv2_score": 0.2577859163284302,
        "aesthetics_score": 5.248646259307861,
        "background_mse": 0.0023296940241200794,
        "clip_text_image": 0.18211859464645386,
        "dinov2_similarity": 0.2200096845626831
    }
}