{
    "Photoshop": {
        "hpsv2_score": 0.26345571875572205,
        "aesthetics_score": 5.948505401611328,
        "background_mse": 0.0015443856812318146,
        "clip_text_image": 0.22482627630233765,
        "dinov2_similarity": 0.34218865633010864
    },
    "TF-ICON": {
        "hpsv2_score": 0.3027418553829193,
        "aesthetics_score": 5.934351921081543,
        "background_mse": 0.011510424876650242,
        "clip_text_image": 0.27755260467529297,
        "dinov2_similarity": 0.35842227935791016
    },
    "KV-EDIT": {
        "hpsv2_score": 0.2890424430370331,
        "aesthetics_score": 5.922043800354004,
        "background_mse": 0.0011801906782114185,
        "clip_text_image": 0.2671550214290619,
        "dinov2_similarity": 0.3165101706981659
    },
    "ours": {
        "hpsv2_score": 0.3067786693572998,
        "aesthetics_score": 5.9695587158203125,
        "background_mse": 0.004310647003762502,
        "clip_text_image": 0.2814725935459137,
        "dinov2_similarity": 0.3430226743221283
    }
}