{
    "Photoshop": {
        "hpsv2_score": 0.2555268108844757,
        "aesthetics_score": 4.95665979385376,
        "background_mse": 0.0005331245576382399,
        "clip_text_image": 0.22794032096862793,
        "dinov2_similarity": 0.31219589710235596
    },
    "TF-ICON": {
        "hpsv2_score": 0.31823068857192993,
        "aesthetics_score": 5.261199951171875,
        "background_mse": 0.005459324638898785,
        "clip_text_image": 0.2096775472164154,
        "dinov2_similarity": 0.343715101480484
    },
    "KV-EDIT": {
        "hpsv2_score": 0.21430140733718872,
        "aesthetics_score": 4.93783712387085,
        "background_mse": 0.001558528381086706,
        "clip_text_image": 0.14888139069080353,
        "dinov2_similarity": 0.30673399567604065
    },
    "ours": {
        "hpsv2_score": 0.2971937656402588,
        "aesthetics_score": 5.190635681152344,
        "background_mse": 0.0026248438922790774,
        "clip_text_image": 0.2026652842760086,
        "dinov2_similarity": 0.31188732385635376
    }
}