{
    "Photoshop": {
        "hpsv2_score": 0.3318677842617035,
        "aesthetics_score": 5.629267692565918,
        "background_mse": 0.000713504800808074,
        "clip_text_image": 0.23157180845737457,
        "dinov2_similarity": 0.26749739050865173
    },
    "TF-ICON": {
        "hpsv2_score": 0.35347265005111694,
        "aesthetics_score": 6.279516220092773,
        "background_mse": 0.008263417181262042,
        "clip_text_image": 0.2568248510360718,
        "dinov2_similarity": 0.2974222004413605
    },
    "KV-EDIT": {
        "hpsv2_score": 0.26656535267829895,
        "aesthetics_score": 5.739264011383057,
        "background_mse": 0.0012479165476897932,
        "clip_text_image": 0.24419188499450684,
        "dinov2_similarity": 0.029035557061433792
    },
    "ours": {
        "hpsv2_score": 0.33379262685775757,
        "aesthetics_score": 5.839663028717041,
        "background_mse": 0.002962673632502145,
        "clip_text_image": 0.24304811656475067,
        "dinov2_similarity": 0.2815127968788147
    }
}