{
    "Photoshop": {
        "hpsv2_score": 0.3523390591144562,
        "aesthetics_score": 4.923192501068115,
        "background_mse": 0.0007573639440621225,
        "clip_text_image": 0.28061339259147644,
        "dinov2_similarity": 0.6451725363731384
    },
    "TF-ICON": {
        "hpsv2_score": 0.4591695964336395,
        "aesthetics_score": 5.662635803222656,
        "background_mse": 0.013631385891542398,
        "clip_text_image": 0.3315127193927765,
        "dinov2_similarity": 0.5605080723762512
    },
    "KV-EDIT": {
        "hpsv2_score": 0.26156821846961975,
        "aesthetics_score": 5.709918022155762,
        "background_mse": 0.0007836671706456341,
        "clip_text_image": 0.19401434063911438,
        "dinov2_similarity": 0.201096773147583
    },
    "ours": {
        "hpsv2_score": 0.3853698670864105,
        "aesthetics_score": 5.012234210968018,
        "background_mse": 0.001812197341039913,
        "clip_text_image": 0.29782140254974365,
        "dinov2_similarity": 0.592886209487915
    }
}