{
    "Photoshop": {
        "hpsv2_score": 0.34708866477012634,
        "aesthetics_score": 5.453984260559082,
        "background_mse": 0.0006865975068677643,
        "clip_text_image": 0.33084946870803833,
        "dinov2_similarity": 0.24224953353405
    },
    "TF-ICON": {
        "hpsv2_score": 0.37644287943840027,
        "aesthetics_score": 6.135638236999512,
        "background_mse": 0.006984980320764994,
        "clip_text_image": 0.3450070917606354,
        "dinov2_similarity": 0.14332178235054016
    },
    "KV-EDIT": {
        "hpsv2_score": 0.3807002305984497,
        "aesthetics_score": 5.569644451141357,
        "background_mse": 0.0004406044174232136,
        "clip_text_image": 0.3725335896015167,
        "dinov2_similarity": 0.054618146270513535
    },
    "ours": {
        "hpsv2_score": 0.3854667842388153,
        "aesthetics_score": 5.651573181152344,
        "background_mse": 0.0023521371862179562,
        "clip_text_image": 0.321248322725296,
        "dinov2_similarity": 0.19703136384487152
    }
}