{
    "Photoshop": {
        "hpsv2_score": 0.28041160106658936,
        "aesthetics_score": 5.055471420288086,
        "background_mse": 0.0015017301167575916,
        "clip_text_image": 0.23640328645706177,
        "dinov2_similarity": 0.23720169067382812
    },
    "TF-ICON": {
        "hpsv2_score": 0.28079038858413696,
        "aesthetics_score": 5.258032321929932,
        "background_mse": 0.008249876188942146,
        "clip_text_image": 0.225498229265213,
        "dinov2_similarity": 0.21071574091911316
    },
    "KV-EDIT": {
        "hpsv2_score": 0.2716866135597229,
        "aesthetics_score": 5.253188133239746,
        "background_mse": 0.003991247967095569,
        "clip_text_image": 0.22248372435569763,
        "dinov2_similarity": 0.18419069051742554
    },
    "ours": {
        "hpsv2_score": 0.18016226589679718,
        "aesthetics_score": 4.799975395202637,
        "background_mse": 0.0063990660245259855,
        "clip_text_image": 0.15296413004398346,
        "dinov2_similarity": -0.020185917615890503
    }
}