{
    "Photoshop": {
        "hpsv2_score": 0.3811183571815491,
        "aesthetics_score": 5.469846725463867,
        "background_mse": 0.0006202743689742129,
        "clip_text_image": 0.34575846791267395,
        "dinov2_similarity": 0.06489073485136032
    },
    "TF-ICON": {
        "hpsv2_score": 0.42667311429977417,
        "aesthetics_score": 5.660167694091797,
        "background_mse": 0.008525125850460662,
        "clip_text_image": 0.3224436938762665,
        "dinov2_similarity": 0.05859368294477463
    },
    "KV-EDIT": {
        "hpsv2_score": 0.26752108335494995,
        "aesthetics_score": 5.461328506469727,
        "background_mse": 0.0011600219434636013,
        "clip_text_image": 0.24284343421459198,
        "dinov2_similarity": -0.07801181823015213
    },
    "ours": {
        "hpsv2_score": 0.38020312786102295,
        "aesthetics_score": 5.8970794677734375,
        "background_mse": 0.003158671963058783,
        "clip_text_image": 0.33616846799850464,
        "dinov2_similarity": 0.06199512630701065
    }
}