{
    "Photoshop": {
        "hpsv2_score": 0.4245777130126953,
        "aesthetics_score": 4.899237632751465,
        "background_mse": 4.147193920378744e-05,
        "clip_text_image": 0.3112907409667969,
        "dinov2_similarity": 0.07814501225948334
    },
    "TF-ICON": {
        "hpsv2_score": 0.42295339703559875,
        "aesthetics_score": 5.631621360778809,
        "background_mse": 0.033878470544793364,
        "clip_text_image": 0.30610185861587524,
        "dinov2_similarity": 0.058708563446998596
    },
    "KV-EDIT": {
        "hpsv2_score": 0.28432637453079224,
        "aesthetics_score": 4.95467472076416,
        "background_mse": 0.011588537809960199,
        "clip_text_image": 0.20709989964962006,
        "dinov2_similarity": -0.015420474112033844
    },
    "ours": {
        "hpsv2_score": 0.42340487241744995,
        "aesthetics_score": 5.718915939331055,
        "background_mse": 0.02315713363008706,
        "clip_text_image": 0.30703166127204895,
        "dinov2_similarity": 0.09729806333780289
    }
}