{
    "Photoshop": {
        "hpsv2_score": 0.33662229776382446,
        "aesthetics_score": 5.083007335662842,
        "background_mse": 1.9768443469682656e-05,
        "clip_text_image": 0.3095683157444,
        "dinov2_similarity": 0.11113601922988892
    },
    "TF-ICON": {
        "hpsv2_score": 0.37333834171295166,
        "aesthetics_score": 5.5534515380859375,
        "background_mse": 0.028147973767468932,
        "clip_text_image": 0.2735731303691864,
        "dinov2_similarity": 0.08171919733285904
    },
    "KV-EDIT": {
        "hpsv2_score": 0.2444472759962082,
        "aesthetics_score": 4.976071834564209,
        "background_mse": 0.007462697719068325,
        "clip_text_image": 0.21337933838367462,
        "dinov2_similarity": 0.027144771069288254
    },
    "ours": {
        "hpsv2_score": 0.3704345226287842,
        "aesthetics_score": 5.314060211181641,
        "background_mse": 0.01304007166096396,
        "clip_text_image": 0.3239358365535736,
        "dinov2_similarity": 0.10470815002918243
    }
}