{
    "Photoshop": {
        "hpsv2_score": 0.2971128821372986,
        "aesthetics_score": 4.878629684448242,
        "background_mse": 0.0006779423775708055,
        "clip_text_image": 0.2230035811662674,
        "dinov2_similarity": 0.2322852909564972
    },
    "TF-ICON": {
        "hpsv2_score": 0.26364973187446594,
        "aesthetics_score": 6.075992584228516,
        "background_mse": 0.007892688297623345,
        "clip_text_image": 0.21721217036247253,
        "dinov2_similarity": 0.21215802431106567
    },
    "KV-EDIT": {
        "hpsv2_score": 0.21518294513225555,
        "aesthetics_score": 5.351104736328125,
        "background_mse": 0.0012875286102071567,
        "clip_text_image": 0.2335992455482483,
        "dinov2_similarity": -0.014305531978607178
    },
    "ours": {
        "hpsv2_score": 0.2714855372905731,
        "aesthetics_score": 5.717957973480225,
        "background_mse": 0.0027171747445760078,
        "clip_text_image": 0.20918059349060059,
        "dinov2_similarity": 0.2169804871082306
    }
}