{
    "Photoshop": {
        "hpsv2_score": 0.290755033493042,
        "aesthetics_score": 4.415872097015381,
        "background_mse": 0.0014736701739601166,
        "clip_text_image": 0.22776825726032257,
        "dinov2_similarity": 0.22972658276557922
    },
    "TF-ICON": {
        "hpsv2_score": 0.3206947445869446,
        "aesthetics_score": 4.72012996673584,
        "background_mse": 0.011145584504789693,
        "clip_text_image": 0.22239568829536438,
        "dinov2_similarity": 0.2767069935798645
    },
    "KV-EDIT": {
        "hpsv2_score": 0.2679177522659302,
        "aesthetics_score": 4.304969310760498,
        "background_mse": 0.0036965775763323615,
        "clip_text_image": 0.21646104753017426,
        "dinov2_similarity": 0.2277718335390091
    },
    "ours": {
        "hpsv2_score": 0.33627504110336304,
        "aesthetics_score": 4.409284591674805,
        "background_mse": 0.0063107187881865584,
        "clip_text_image": 0.2746652364730835,
        "dinov2_similarity": 0.2180611789226532
    }
}