{
    "Photoshop": {
        "hpsv2_score": 0.33436739444732666,
        "aesthetics_score": 5.04140567779541,
        "background_mse": 0.0007482835872029278,
        "clip_text_image": 0.24839766323566437,
        "dinov2_similarity": 0.6368019580841064
    },
    "TF-ICON": {
        "hpsv2_score": 0.35946255922317505,
        "aesthetics_score": 5.348712921142578,
        "background_mse": 0.005164497516653373,
        "clip_text_image": 0.28189778327941895,
        "dinov2_similarity": 0.5317327976226807
    },
    "KV-EDIT": {
        "hpsv2_score": 0.3029077649116516,
        "aesthetics_score": 4.735797882080078,
        "background_mse": 0.0010590339664757558,
        "clip_text_image": 0.20870821177959442,
        "dinov2_similarity": 0.38495421409606934
    },
    "ours": {
        "hpsv2_score": 0.36680880188941956,
        "aesthetics_score": 5.14810848236084,
        "background_mse": 0.0014363724011139114,
        "clip_text_image": 0.288456529378891,
        "dinov2_similarity": 0.6024407148361206
    }
}