{
    "Photoshop": {
        "hpsv2_score": 0.27775880694389343,
        "aesthetics_score": 5.860624313354492,
        "background_mse": 0.0015562406084945345,
        "clip_text_image": 0.2480461746454239,
        "dinov2_similarity": 0.4056144952774048
    },
    "TF-ICON": {
        "hpsv2_score": 0.329009473323822,
        "aesthetics_score": 6.018279075622559,
        "background_mse": 0.013346843781341107,
        "clip_text_image": 0.2927776873111725,
        "dinov2_similarity": 0.4267690181732178
    },
    "KV-EDIT": {
        "hpsv2_score": 0.2514493763446808,
        "aesthetics_score": 6.011219024658203,
        "background_mse": 0.0012197137323753209,
        "clip_text_image": 0.26899874210357666,
        "dinov2_similarity": 0.3162241578102112
    },
    "ours": {
        "hpsv2_score": 0.33630234003067017,
        "aesthetics_score": 5.959035396575928,
        "background_mse": 0.004292307571080625,
        "clip_text_image": 0.29346203804016113,
        "dinov2_similarity": 0.4228140413761139
    }
}