{
    "Photoshop": {
        "hpsv2_score": 0.33816415071487427,
        "aesthetics_score": 5.24315071105957,
        "background_mse": 0.00037426462114705325,
        "clip_text_image": 0.31487536430358887,
        "dinov2_similarity": 0.46248966455459595
    },
    "TF-ICON": {
        "hpsv2_score": 0.3819519877433777,
        "aesthetics_score": 5.470895767211914,
        "background_mse": 0.0020723854176668173,
        "clip_text_image": 0.3205651640892029,
        "dinov2_similarity": 0.5203548073768616
    },
    "KV-EDIT": {
        "hpsv2_score": 0.3339141607284546,
        "aesthetics_score": 5.567415237426758,
        "background_mse": 0.00025660156515505765,
        "clip_text_image": 0.2905985414981842,
        "dinov2_similarity": 0.4076481759548187
    },
    "ours": {
        "hpsv2_score": 0.35708722472190857,
        "aesthetics_score": 5.480679512023926,
        "background_mse": 0.0009159943690297027,
        "clip_text_image": 0.29885226488113403,
        "dinov2_similarity": 0.47187796235084534
    }
}