{
    "Photoshop": {
        "hpsv2_score": 0.38503497838974,
        "aesthetics_score": 5.284965515136719,
        "background_mse": 0.00036894057595831907,
        "clip_text_image": 0.3250710070133209,
        "dinov2_similarity": 0.46136653423309326
    },
    "TF-ICON": {
        "hpsv2_score": 0.390939861536026,
        "aesthetics_score": 6.141862869262695,
        "background_mse": 0.0034548319602979104,
        "clip_text_image": 0.3529278337955475,
        "dinov2_similarity": 0.5368911027908325
    },
    "KV-EDIT": {
        "hpsv2_score": 0.32256338000297546,
        "aesthetics_score": 5.176900386810303,
        "background_mse": 0.0003161831674828124,
        "clip_text_image": 0.31150567531585693,
        "dinov2_similarity": 0.34965673089027405
    },
    "ours": {
        "hpsv2_score": 0.38947975635528564,
        "aesthetics_score": 5.492073059082031,
        "background_mse": 0.0007134920176785459,
        "clip_text_image": 0.3071393072605133,
        "dinov2_similarity": 0.5031203031539917
    }
}