{
    "Photoshop": {
        "hpsv2_score": 0.334078848361969,
        "aesthetics_score": 5.534217834472656,
        "background_mse": 0.004116123956984381,
        "clip_text_image": 0.3174359202384949,
        "dinov2_similarity": 0.22305366396903992
    },
    "TF-ICON": {
        "hpsv2_score": 0.3752480149269104,
        "aesthetics_score": 6.25952672958374,
        "background_mse": 0.008544177477382838,
        "clip_text_image": 0.3337847888469696,
        "dinov2_similarity": 0.0982121005654335
    },
    "KV-EDIT": {
        "hpsv2_score": 0.3805423080921173,
        "aesthetics_score": 5.940110206604004,
        "background_mse": 0.0019050107046831959,
        "clip_text_image": 0.3503137528896332,
        "dinov2_similarity": 0.11765139549970627
    },
    "ours": {
        "hpsv2_score": 0.38206666707992554,
        "aesthetics_score": 5.821399688720703,
        "background_mse": 0.002174434322215021,
        "clip_text_image": 0.3320314288139343,
        "dinov2_similarity": 0.17690306901931763
    }
}