{
    "Photoshop": {
        "hpsv2_score": 0.33405810594558716,
        "aesthetics_score": 5.94925594329834,
        "background_mse": 0.0006878237423678112,
        "clip_text_image": 0.24898402392864227,
        "dinov2_similarity": 0.2418021261692047
    },
    "TF-ICON": {
        "hpsv2_score": 0.3321154713630676,
        "aesthetics_score": 6.446527481079102,
        "background_mse": 0.006469746098712541,
        "clip_text_image": 0.2755945324897766,
        "dinov2_similarity": 0.22492152452468872
    },
    "KV-EDIT": {
        "hpsv2_score": 0.33379998803138733,
        "aesthetics_score": 6.452700614929199,
        "background_mse": 0.0013957555598096542,
        "clip_text_image": 0.24021881818771362,
        "dinov2_similarity": 0.1552591621875763
    },
    "ours": {
        "hpsv2_score": 0.3220641016960144,
        "aesthetics_score": 5.890255928039551,
        "background_mse": 0.0026790575086360385,
        "clip_text_image": 0.25394847989082336,
        "dinov2_similarity": 0.24976953864097595
    }
}