{
    "Photoshop": {
        "hpsv2_score": 0.25500139594078064,
        "aesthetics_score": 6.121739387512207,
        "background_mse": 0.0006714663429467384,
        "clip_text_image": 0.1755494922399521,
        "dinov2_similarity": 0.6500495672225952
    },
    "TF-ICON": {
        "hpsv2_score": 0.26253414154052734,
        "aesthetics_score": 5.889618873596191,
        "background_mse": 0.007211246877320506,
        "clip_text_image": 0.197457954287529,
        "dinov2_similarity": 0.5739586353302002
    },
    "KV-EDIT": {
        "hpsv2_score": 0.27790313959121704,
        "aesthetics_score": 5.746106147766113,
        "background_mse": 0.0011989060548128854,
        "clip_text_image": 0.19676610827445984,
        "dinov2_similarity": 0.5447996854782104
    },
    "ours": {
        "hpsv2_score": 0.24699151515960693,
        "aesthetics_score": 6.348245620727539,
        "background_mse": 0.003128259046043845,
        "clip_text_image": 0.19930893182754517,
        "dinov2_similarity": 0.6458841562271118
    }
}