{
    "Photoshop": {
        "hpsv2_score": 0.21369944512844086,
        "aesthetics_score": 4.880612373352051,
        "background_mse": 0.001899398108519879,
        "clip_text_image": 0.2413254976272583,
        "dinov2_similarity": 0.05729810893535614
    },
    "TF-ICON": {
        "hpsv2_score": 0.27246928215026855,
        "aesthetics_score": 5.416187286376953,
        "background_mse": 0.009007866887493722,
        "clip_text_image": 0.21067991852760315,
        "dinov2_similarity": 0.05197659879922867
    },
    "KV-EDIT": {
        "hpsv2_score": 0.15434904396533966,
        "aesthetics_score": 4.456389427185059,
        "background_mse": 0.0043057675652468045,
        "clip_text_image": 0.17862845957279205,
        "dinov2_similarity": -0.006685763597488403
    },
    "ours": {
        "hpsv2_score": 0.2517659068107605,
        "aesthetics_score": 5.2563371658325195,
        "background_mse": 0.009258607402943434,
        "clip_text_image": 0.22002750635147095,
        "dinov2_similarity": 0.09166580438613892
    }
}