{
    "Photoshop": {
        "hpsv2_score": 0.3684478998184204,
        "aesthetics_score": 4.91021203994751,
        "background_mse": 0.0015614059542066394,
        "clip_text_image": 0.2931157052516937,
        "dinov2_similarity": 0.3573152422904968
    },
    "TF-ICON": {
        "hpsv2_score": 0.37433934211730957,
        "aesthetics_score": 5.1825270652771,
        "background_mse": 0.009080354334784872,
        "clip_text_image": 0.3050382435321808,
        "dinov2_similarity": 0.3992476165294647
    },
    "KV-EDIT": {
        "hpsv2_score": 0.12678799033164978,
        "aesthetics_score": 4.2497429847717285,
        "background_mse": 0.003976964112816665,
        "clip_text_image": 0.1494661420583725,
        "dinov2_similarity": 0.05381438881158829
    },
    "ours": {
        "hpsv2_score": 0.3774324357509613,
        "aesthetics_score": 4.4500322341918945,
        "background_mse": 0.00881974656799387,
        "clip_text_image": 0.2942502200603485,
        "dinov2_similarity": 0.38765498995780945
    }
}