{
    "Photoshop": {
        "hpsv2_score": 0.299827516078949,
        "aesthetics_score": 5.296133041381836,
        "background_mse": 0.000784840410323437,
        "clip_text_image": 0.2165999859571457,
        "dinov2_similarity": 0.38963422179222107
    },
    "TF-ICON": {
        "hpsv2_score": 0.3243309557437897,
        "aesthetics_score": 5.638842582702637,
        "background_mse": 0.005463584664102399,
        "clip_text_image": 0.23744642734527588,
        "dinov2_similarity": 0.3897477984428406
    },
    "KV-EDIT": {
        "hpsv2_score": 0.29692044854164124,
        "aesthetics_score": 5.538088798522949,
        "background_mse": 0.0007671374588076447,
        "clip_text_image": 0.2083374410867691,
        "dinov2_similarity": 0.34056589007377625
    },
    "ours": {
        "hpsv2_score": 0.2987053394317627,
        "aesthetics_score": 5.372350215911865,
        "background_mse": 0.0014866806582520163,
        "clip_text_image": 0.2057131677865982,
        "dinov2_similarity": 0.32318902015686035
    }
}