{
    "Photoshop": {
        "hpsv2_score": 0.3962692618370056,
        "aesthetics_score": 5.593878746032715,
        "background_mse": 4.2308066315070184e-05,
        "clip_text_image": 0.3203393816947937,
        "dinov2_similarity": 0.0912354439496994
    },
    "TF-ICON": {
        "hpsv2_score": 0.3836979269981384,
        "aesthetics_score": 6.037867546081543,
        "background_mse": 0.032960907061046964,
        "clip_text_image": 0.3197457194328308,
        "dinov2_similarity": 0.10863614082336426
    },
    "KV-EDIT": {
        "hpsv2_score": 0.23513662815093994,
        "aesthetics_score": 4.865285873413086,
        "background_mse": 0.011734619281637146,
        "clip_text_image": 0.1765071451663971,
        "dinov2_similarity": -0.06088266521692276
    },
    "ours": {
        "hpsv2_score": 0.40383243560791016,
        "aesthetics_score": 5.845475196838379,
        "background_mse": 0.022822038285122265,
        "clip_text_image": 0.33138102293014526,
        "dinov2_similarity": 0.09870822727680206
    }
}