{
    "Photoshop": {
        "hpsv2_score": 0.35806843638420105,
        "aesthetics_score": 5.65268611907959,
        "background_mse": 0.0010834429993983076,
        "clip_text_image": 0.31023746728897095,
        "dinov2_similarity": 0.07716754078865051
    },
    "TF-ICON": {
        "hpsv2_score": 0.36703556776046753,
        "aesthetics_score": 5.3909912109375,
        "background_mse": 0.009995786691276173,
        "clip_text_image": 0.27955636382102966,
        "dinov2_similarity": 0.08334746956825256
    },
    "KV-EDIT": {
        "hpsv2_score": 0.2827889621257782,
        "aesthetics_score": 5.964852809906006,
        "background_mse": 0.0018111137059127304,
        "clip_text_image": 0.23129048943519592,
        "dinov2_similarity": 0.047809500247240067
    },
    "ours": {
        "hpsv2_score": 0.3986254334449768,
        "aesthetics_score": 6.014369487762451,
        "background_mse": 0.004574486538752577,
        "clip_text_image": 0.30941569805145264,
        "dinov2_similarity": 0.1179400384426117
    }
}