{
    "Photoshop": {
        "hpsv2_score": 0.2273765355348587,
        "aesthetics_score": 4.8185954093933105,
        "background_mse": 0.001940134289992492,
        "clip_text_image": 0.24231882393360138,
        "dinov2_similarity": 0.19884267449378967
    },
    "TF-ICON": {
        "hpsv2_score": 0.3005044460296631,
        "aesthetics_score": 5.420316696166992,
        "background_mse": 0.011756524280558537,
        "clip_text_image": 0.2517477869987488,
        "dinov2_similarity": 0.17164435982704163
    },
    "KV-EDIT": {
        "hpsv2_score": 0.24367862939834595,
        "aesthetics_score": 4.967597484588623,
        "background_mse": 0.004586834778900613,
        "clip_text_image": 0.24896757304668427,
        "dinov2_similarity": 0.11230655014514923
    },
    "ours": {
        "hpsv2_score": 0.28486257791519165,
        "aesthetics_score": 4.850290775299072,
        "background_mse": 0.0090868884878419,
        "clip_text_image": 0.2489442527294159,
        "dinov2_similarity": 0.1313757747411728
    }
}