{
    "Photoshop": {
        "hpsv2_score": 0.33484378457069397,
        "aesthetics_score": 5.226222991943359,
        "background_mse": 0.0017599313110356423,
        "clip_text_image": 0.31603461503982544,
        "dinov2_similarity": 0.22524777054786682
    },
    "TF-ICON": {
        "hpsv2_score": 0.39756736159324646,
        "aesthetics_score": 5.481020927429199,
        "background_mse": 0.013828275938685946,
        "clip_text_image": 0.3344842493534088,
        "dinov2_similarity": 0.1665244996547699
    },
    "KV-EDIT": {
        "hpsv2_score": 0.35046806931495667,
        "aesthetics_score": 5.5747575759887695,
        "background_mse": 0.005035249037073619,
        "clip_text_image": 0.31226223707199097,
        "dinov2_similarity": 0.1413692682981491
    },
    "ours": {
        "hpsv2_score": 0.34282898902893066,
        "aesthetics_score": 5.598522186279297,
        "background_mse": 0.010646208505934831,
        "clip_text_image": 0.3286098539829254,
        "dinov2_similarity": 0.1755705028772354
    }
}