{
    "Photoshop": {
        "hpsv2_score": 0.25028327107429504,
        "aesthetics_score": 5.629283428192139,
        "background_mse": 0.0007025966152605274,
        "clip_text_image": 0.1927715688943863,
        "dinov2_similarity": 0.13297908008098602
    },
    "TF-ICON": {
        "hpsv2_score": 0.27814602851867676,
        "aesthetics_score": 6.423328876495361,
        "background_mse": 0.006351772795411436,
        "clip_text_image": 0.23851707577705383,
        "dinov2_similarity": 0.13974714279174805
    },
    "KV-EDIT": {
        "hpsv2_score": 0.26560044288635254,
        "aesthetics_score": 6.052809715270996,
        "background_mse": 0.0014196108112043838,
        "clip_text_image": 0.22009646892547607,
        "dinov2_similarity": 0.08218755573034286
    },
    "ours": {
        "hpsv2_score": 0.3112715482711792,
        "aesthetics_score": 5.56184720993042,
        "background_mse": 0.002934111489446091,
        "clip_text_image": 0.25986671447753906,
        "dinov2_similarity": 0.04698164761066437
    }
}