{
    "Photoshop": {
        "hpsv2_score": 0.23271146416664124,
        "aesthetics_score": 5.788226127624512,
        "background_mse": 0.001554424257530628,
        "clip_text_image": 0.24052585661411285,
        "dinov2_similarity": 0.4070262908935547
    },
    "TF-ICON": {
        "hpsv2_score": 0.3231602907180786,
        "aesthetics_score": 6.175368309020996,
        "background_mse": 0.01677266067048527,
        "clip_text_image": 0.33640819787979126,
        "dinov2_similarity": 0.3689776062965393
    },
    "KV-EDIT": {
        "hpsv2_score": 0.2619151473045349,
        "aesthetics_score": 5.839479446411133,
        "background_mse": 0.001283259629317569,
        "clip_text_image": 0.260666161775589,
        "dinov2_similarity": 0.3045109510421753
    },
    "ours": {
        "hpsv2_score": 0.24212735891342163,
        "aesthetics_score": 5.977655410766602,
        "background_mse": 0.00538881056772937,
        "clip_text_image": 0.28577688336372375,
        "dinov2_similarity": 0.38652729988098145
    }
}