{
    "Photoshop": {
        "hpsv2_score": 0.32407891750335693,
        "aesthetics_score": 4.37577486038208,
        "background_mse": 0.0015885996550574102,
        "clip_text_image": 0.2620455324649811,
        "dinov2_similarity": 0.5333399772644043
    },
    "TF-ICON": {
        "hpsv2_score": 0.36380553245544434,
        "aesthetics_score": 4.739930629730225,
        "background_mse": 0.009877616584512828,
        "clip_text_image": 0.28415337204933167,
        "dinov2_similarity": 0.5822468996047974
    },
    "KV-EDIT": {
        "hpsv2_score": 0.31152886152267456,
        "aesthetics_score": 4.1757025718688965,
        "background_mse": 0.004289862277362739,
        "clip_text_image": 0.24354754388332367,
        "dinov2_similarity": 0.37977463006973267
    },
    "ours": {
        "hpsv2_score": 0.35298144817352295,
        "aesthetics_score": 4.444631576538086,
        "background_mse": 0.006995966693205665,
        "clip_text_image": 0.2832072079181671,
        "dinov2_similarity": 0.5935640335083008
    }
}