{
    "Photoshop": {
        "hpsv2_score": 0.38616353273391724,
        "aesthetics_score": 5.071798801422119,
        "background_mse": 0.00032383714723442387,
        "clip_text_image": 0.3135698139667511,
        "dinov2_similarity": 0.5898528099060059
    },
    "TF-ICON": {
        "hpsv2_score": 0.38065677881240845,
        "aesthetics_score": 5.3279619216918945,
        "background_mse": 0.002178768480173375,
        "clip_text_image": 0.3081513047218323,
        "dinov2_similarity": 0.5622798204421997
    },
    "KV-EDIT": {
        "hpsv2_score": 0.3570170998573303,
        "aesthetics_score": 5.277987480163574,
        "background_mse": 0.00039859545925301774,
        "clip_text_image": 0.28273534774780273,
        "dinov2_similarity": 0.36591798067092896
    },
    "ours": {
        "hpsv2_score": 0.36291924118995667,
        "aesthetics_score": 5.435641765594482,
        "background_mse": 0.0006243560552022807,
        "clip_text_image": 0.30531471967697144,
        "dinov2_similarity": 0.537368655204773
    }
}