{
    "Photoshop": {
        "hpsv2_score": 0.3523390591144562,
        "aesthetics_score": 4.923192501068115,
        "background_mse": 0.0007573639440621225,
        "clip_text_image": 0.28061339259147644,
        "dinov2_similarity": 0.6451725363731384
    },
    "TF-ICON": {
        "hpsv2_score": 0.4591695964336395,
        "aesthetics_score": 5.662635803222656,
        "background_mse": 0.013631385891542398,
        "clip_text_image": 0.3315127193927765,
        "dinov2_similarity": 0.5605080723762512
    },
    "KV-EDIT": {
        "hpsv2_score": 0.26156821846961975,
        "aesthetics_score": 5.709918022155762,
        "background_mse": 0.0007836671706456341,
        "clip_text_image": 0.19401434063911438,
        "dinov2_similarity": 0.201096773147583
    },
    "ours": {
        "hpsv2_score": 0.3843558430671692,
        "aesthetics_score": 5.028442859649658,
        "background_mse": 0.0017755031996620234,
        "clip_text_image": 0.2960396707057953,
        "dinov2_similarity": 0.5929489731788635
    }
}