{
    "Photoshop": {
        "hpsv2_score": 0.3812715709209442,
        "aesthetics_score": 4.735662937164307,
        "background_mse": 0.0006467873071780072,
        "clip_text_image": 0.28165382146835327,
        "dinov2_similarity": 0.7651160955429077
    },
    "TF-ICON": {
        "hpsv2_score": 0.4168647825717926,
        "aesthetics_score": 5.7064008712768555,
        "background_mse": 0.006357020634623628,
        "clip_text_image": 0.30942395329475403,
        "dinov2_similarity": 0.8185237646102905
    },
    "KV-EDIT": {
        "hpsv2_score": 0.3761979341506958,
        "aesthetics_score": 4.5558390617370605,
        "background_mse": 0.0009728661346823193,
        "clip_text_image": 0.3156913220882416,
        "dinov2_similarity": 0.5781722068786621
    },
    "ours": {
        "hpsv2_score": 0.3707091212272644,
        "aesthetics_score": 5.648172855377197,
        "background_mse": 0.002224545672124882,
        "clip_text_image": 0.2941860854625702,
        "dinov2_similarity": 0.7999098300933838
    }
}