{
    "Photoshop": {
        "hpsv2_score": 0.2909793257713318,
        "aesthetics_score": 5.077070713043213,
        "background_mse": 0.0006830784554659549,
        "clip_text_image": 0.2637838125228882,
        "dinov2_similarity": 0.2760624289512634
    },
    "TF-ICON": {
        "hpsv2_score": 0.3220052123069763,
        "aesthetics_score": 5.899599075317383,
        "background_mse": 0.00621100059777847,
        "clip_text_image": 0.2685586214065552,
        "dinov2_similarity": 0.2849941849708557
    },
    "KV-EDIT": {
        "hpsv2_score": 0.3012351393699646,
        "aesthetics_score": 5.172333717346191,
        "background_mse": 0.0017164971729645368,
        "clip_text_image": 0.2124192714691162,
        "dinov2_similarity": 0.20929235219955444
    },
    "ours": {
        "hpsv2_score": 0.30538010597229004,
        "aesthetics_score": 5.567315101623535,
        "background_mse": 0.0025053274660372096,
        "clip_text_image": 0.24908609688282013,
        "dinov2_similarity": 0.28840717673301697
    }
}