{
    "Photoshop": {
        "hpsv2_score": 0.281349241733551,
        "aesthetics_score": 5.295806884765625,
        "background_mse": 0.0006495586353824565,
        "clip_text_image": 0.23178978264331818,
        "dinov2_similarity": 0.1662924736738205
    },
    "TF-ICON": {
        "hpsv2_score": 0.2761480212211609,
        "aesthetics_score": 6.188559532165527,
        "background_mse": 0.006748271934249707,
        "clip_text_image": 0.23249834775924683,
        "dinov2_similarity": 0.14336247742176056
    },
    "KV-EDIT": {
        "hpsv2_score": 0.23960420489311218,
        "aesthetics_score": 5.495367527008057,
        "background_mse": 0.0010459545768056592,
        "clip_text_image": 0.21081526577472687,
        "dinov2_similarity": 0.005171969532966614
    },
    "ours": {
        "hpsv2_score": 0.3163706660270691,
        "aesthetics_score": 5.758129596710205,
        "background_mse": 0.002751137759381465,
        "clip_text_image": 0.22865241765975952,
        "dinov2_similarity": 0.14108633995056152
    }
}