{
    "Photoshop": {
        "hpsv2_score": 0.2947431802749634,
        "aesthetics_score": 6.146596908569336,
        "background_mse": 0.0006757316375800271,
        "clip_text_image": 0.2033354640007019,
        "dinov2_similarity": 0.5341622233390808
    },
    "TF-ICON": {
        "hpsv2_score": 0.3072977662086487,
        "aesthetics_score": 5.8000054359436035,
        "background_mse": 0.008828173037555204,
        "clip_text_image": 0.21065379679203033,
        "dinov2_similarity": 0.5064268112182617
    },
    "KV-EDIT": {
        "hpsv2_score": 0.2948647141456604,
        "aesthetics_score": 5.725436210632324,
        "background_mse": 0.0012788007386905647,
        "clip_text_image": 0.2257499098777771,
        "dinov2_similarity": 0.48886656761169434
    },
    "ours": {
        "hpsv2_score": 0.32761043310165405,
        "aesthetics_score": 6.186664581298828,
        "background_mse": 0.003515151138916611,
        "clip_text_image": 0.23978090286254883,
        "dinov2_similarity": 0.567585825920105
    }
}