{
    "Photoshop": {
        "hpsv2_score": 0.4035987854003906,
        "aesthetics_score": 5.214931488037109,
        "background_mse": 0.0016918095426188093,
        "clip_text_image": 0.3481816351413727,
        "dinov2_similarity": 0.3042534291744232
    },
    "TF-ICON": {
        "hpsv2_score": 0.389357328414917,
        "aesthetics_score": 5.778721809387207,
        "background_mse": 0.0140818659012574,
        "clip_text_image": 0.32109594345092773,
        "dinov2_similarity": 0.26374146342277527
    },
    "KV-EDIT": {
        "hpsv2_score": 0.34314677119255066,
        "aesthetics_score": 5.874451637268066,
        "background_mse": 0.004765812531212704,
        "clip_text_image": 0.2789650559425354,
        "dinov2_similarity": 0.06950126588344574
    },
    "ours": {
        "hpsv2_score": 0.4098018407821655,
        "aesthetics_score": 5.734583854675293,
        "background_mse": 0.008887473376550306,
        "clip_text_image": 0.349974125623703,
        "dinov2_similarity": 0.26546797156333923
    }
}